BiGG	formula	charge
10fthf	C20H21N7O7	-2.0
10fthf5glu	C40H45N11O19	-6.0
10fthf6glu	C45H51N12O22	-7.0
10fthf7glu	C50H57N13O25	-8.0
11docrtsl	C21H30O4	0.0
11docrtstrn	C21H30O3	0.0
12HPET	C20H31O4	-1.0
12d3k5m	C6H10O3S	0.0
12dgr120	C27H52O5	0.0
12dgr140	C31H60O5	0.0
12dgr141	C31H56O5	0.0
12dgr160	C35H68O5	0.0
12dgr161	C35H64O5	0.0
12dgr180	C39H76O5	0.0
12dgr181	C39H72O5	0.0
12harachd	C20H31O3	-1.0
12htacr	C44H69NO13	0.0
12ppd__R	C3H8O2	0.0
12ppd__S	C3H8O2	0.0
1331tacr	C42H65NO12	0.0
13_cis_oretn	C20H25O3	-1.0
13_cis_retn	C20H28O2	0.0
13_cis_retnglc	C26H35O8	-1.0
13dampp	C3H12N2	2.0
13dmt	C43H67NO12	0.0
13dpg	C3H4O10P2	-4.0
13ppd	C3H8O2	0.0
14dhncoa	C32H38N7O19P3S	-4.0
14glucan	C36H62O31	0.0
14hmdz	C18H13ClFN3O2	0.0
1513tacr	C42H65NO12	0.0
1531tacr	C42H65NO12	0.0
15HPET	C20H31O4	-1.0
15dap	C5H16N2	2.0
15dmt	C43H67NO12	0.0
15kprostgf2	C20H31O5	-1.0
16BDglcn	C12H20O11*	0.0
17ahprgnlone	C21H32O3	0.0
17ahprgstrn	C21H30O3	0.0
18harachd	C20H31O3	-1.0
1a2425thvitd2	C28H44O4	0.0
1a2425thvitd3	C27H44O4	0.0
1a25dhvitd2	C28H44O3	0.0
1a25dhvitd3	C27H44O3	0.0
1acpc	C4H7NO2	0.0
1agpe120	C17H36NO7P	0.0
1agpe140	C19H40NO7P	0.0
1agpe141	C19H38NO7P	0.0
1agpe160	C21H44NO7P	0.0
1agpe161	C21H42NO7P	0.0
1agpe180	C23H48NO7P	0.0
1agpe181	C23H46NO7P	0.0
1agpg120	C18H36O9P	-1.0
1agpg140	C20H40O9P	-1.0
1agpg141	C20H38O9P	-1.0
1agpg160	C22H44O9P	-1.0
1agpg161	C22H43O9P	0.0
1agpg180	C24H48O9P	-1.0
1agpg181	C24H46O9P	-1.0
1btol	C4H10O	0.0
1ddecg3p	C15H29O7P	-2.0
1hdecg3p	C19H37O7P	-2.0
1hmdgluc	C24H21ClFN3O7	0.0
1mncam	C7H9N2O	1.0
1mpyr	C5H10N	1.0
1odec11eg3p	C21H39O7P	-2.0
1odecg3p	C21H41O7P	-2.0
1ohmdz	C18H13ClFN3O	0.0
1p2cbxl	C5H7NO2	0.0
1p3h5c	C5H6NO3	-1.0
1pipdn2c	C6H9NO2	0.0
1pyr5c	C5H6NO2	-1.0
1tdec7eg3p	C17H31O7P	-2.0
1tdecg3p	C20H40O9P	-1.0
20ahchsterol	C27H46O2	0.0
21hprgnlone	C21H32O3	0.0
23camp	C10H11N5O6P	-1.0
23ccmp	C9H11N3O7P	-1.0
23cgmp	C10H11N5O7P	-1.0
23cump	C9H10N2O8P	-1.0
23dappa	C3H8N2O2	0.0
23ddhb	C7H8O4	0.0
23dh1i56dio	C8H7NO2	0.0
23dhb	C7H5O4	-1.0
23dhba	C17H17N5O10P	-1.0
23dhbzs	C10H11NO6	0.0
23dhdp	C7H5NO4	-2.0
23dhmb	C5H9O4	-1.0
23dhmp	C6H11O4	-1.0
23dmphol	C28H48O2	0.0
23doguln	C6H7O7	-1.0
23dpg	C3H3O10P2	-5.0
2425dhvitd2	C28H44O3	0.0
2425dhvitd3	C27H44O3	0.0
24dab	C4H11N2O2	1.0
24nph	C6H4NO4	-1.0
25aics	C13H15N4O12P	-4.0
25dhpp	C9H14N5O8P	-2.0
25dkglcn	C6H7O7	-1.0
25dop	C5H5O4	-1.0
25drapp	C9H14N5O8P	-2.0
25hvitd2	C28H44O2	0.0
25hvitd3	C27H44O2	0.0
26dap_LL	C7H14N2O4	0.0
26dap__M	C7H14N2O4	0.0
26dmani	C8H11N	0.0
2a3pp	C3H8NO5P	0.0
2agpe120	C17H36NO7P	0.0
2agpe140	C19H40NO7P	0.0
2agpe141	C19H38NO7P	0.0
2agpe160	C21H44NO7P	0.0
2agpe180	C23H48NO7P	0.0
2agpe181	C23H46NO7P	0.0
2agpg140	C20H40O9P	-1.0
2agpg141	C20H38O9P	-1.0
2agpg160	C22H44O9P	-1.0
2agpg181	C24H46O9P	-1.0
2ahbut	C6H10O4	0.0
2ahethmpp	C14H20N4O8P2S	-2.0
2ahhmd	C7H8N5O8P2	-3.0
2ahhmp	C7H9N5O2	0.0
2amac	C3H5NO2	0.0
2ameph	C2H8NO3P	0.0
2amsa	C3H5NO3	0.0
2aobut	C4H7NO3	0.0
2c23dh56dhoxin	C9H9NO4	0.0
2coum	C9H7O3	-1.0
2cpr5p	C12H13NO9P	-3.0
2dda7p	C7H10O10P	-3.0
2ddecdicoa	C33H54N7O17P3S	0.0
2ddg6p	C6H8O9P	-3.0
2ddglcn	C6H9O6	-1.0
2decdicoa	C31H46N7O17P3S	-4.0
2dglc	C6H12O5	0.0
2dglcn	C6H11O6	-1.0
2dh3dgal	C6H9O6	-1.0
2dh3dgal6p	C6H8O9P	-3.0
2dhglcn	C6H9O7	-1.0
2dhp	C6H9O4	-1.0
2dmmq8	C50H70O2	0.0
2dmmql8	C50H72O2	0.0
2docohexecoa	C43H62N7O17P3S	-4.0
2docopencoa	C43H64N7O17P3S	-4.0
2dodtricoa	C33H48N7O17P3S	-4.0
2doxg6p	C6H11O8P	-2.0
2dp6mep	C57H88O2	0.0
2dp6mobq	C57H86O3	0.0
2dp6mobq_me	C58H88O3	0.0
2dpmhobq	C58H88O4	0.0
2dr1p	C5H11O7P	0.0
2dr5p	C5H9O7P	-2.0
2fe2s	S	0.0
2h34hppr	C9H8O4	0.0
2h3mv	C6H12O3	0.0
2h3opp	C3H3O4	-1.0
2h3oppan	C3H3O4	-1.0
2hatvacid	C33H35FN2O6	0.0
2hatvacidgluc	C39H43FN2O12	0.0
2hatvlac	C33H33FN2O5	0.0
2hatvlacgluc	C39H41FN2O11	0.0
2hb	C4H7O3	-1.0
2hbut	C4H7O3	-1.0
2hdecg3p	C19H37O7P	-2.0
2hexdtetcoa	C37H54N7O17P3S	-4.0
2hexdtricoa	C37H56N7O17P3S	-4.0
2hhxdal	C16H32O2	0.0
2hiv	C5H10O3	0.0
2hog	C5H6O5	-2.0
2hp6mp	C37H56O2	0.0
2hxmp	C7H8O2	0.0
2hydog	C5H6O5	-2.0
2hymeph	C7H8O2	0.0
2hyoxplac	C8H7O3	-1.0
2ins	C6H10O6	0.0
2ippm	C7H8O4	-2.0
2kmb	C5H7O3S	-1.0
2m3hbu	C5H10O3	0.0
2m3hvac	C6H11O3	-1.0
2m3osuc	C5H4O5	-2.0
2m3ovac	C6H10O3	0.0
2m3ovcoa	C27H40N7O18P3S	-4.0
2m6phol	C27H46O2	0.0
2maacoa	C26H42N7O18P3S	0.0
2mahmp	C6H8N3O7P2	-3.0
2mb2coa	C26H38N7O17P3S	-4.0
2mbac	C7H14O2	0.0
2mbald	C5H10O	0.0
2mbcoa	C26H40N7O17P3S	-4.0
2mbdhl	C13H25NO2S2	0.0
2mbtoh	C5H12O	0.0
2mcacn	C7H5O6	-3.0
2mcit	C7H7O7	-3.0
2me4p	C5H12O7P	-1.0
2mecdp	C5H10O9P2	-2.0
2mop	C4H5O3	-1.0
2mp2coa	C25H36N7O17P3S	-4.0
2mpdhl	C12H23NO2S2	0.0
2mppal	C4H8O	0.0
2o3mpt	C6H10O3	0.0
2obut	C4H5O3	-1.0
2octdectecoa	C39H58N7O17P3S	-4.0
2octpencoa	C39H56N7O17P3S	-4.0
2odecg3p	C21H43O7P	0.0
2ohph	C46H70O2	0.0
2ombz	C47H70O3	0.0
2ombzl	C47H72O3	0.0
2omhmbl	C48H74O4	0.0
2ommb	C48H72O3	0.0
2ommbl	C48H74O3	0.0
2omph	C47H72O2	0.0
2oph	C46H70O	0.0
2oxoadp	C6H6O5	-2.0
2p4c2me	C14H22N3O17P3	-4.0
2pcpgc	C14H9O8	-1.0
2pg	C3H4O7P	-3.0
2pglyc	C2H2O6P	-3.0
2phetoh	C8H10O	0.0
2plac__L	C3H7O6P	0.0
2ppoh	C3H8O	0.0
2saa	C2H3O4S	-1.0
2shchc	C11H12O6	0.0
2tcc	C5H9NO5S2	0.0
2tpr3dpcoa	C26H41N7O26P5S	-5.0
31dmt	C43H67NO12	0.0
34dhbald	C7H6O3	0.0
34dhbz	C7H5O4	-1.0
34dhcinm	C9H7O4	-1.0
34dhmald	C8H8O4	0.0
34dhoxmand	C8H7O5	-1.0
34dhoxpeg	C8H10O4	0.0
34dhpac	C8H8O3	0.0
34dhpacet	C8H7O4	-1.0
34dhpe	C8H10O3	0.0
34dhpha	C8H7O4	-1.0
34dhphaccoa	C29H38N7O19P3S	-4.0
34dhphe	C9H11NO4	0.0
34hpl	C9H9O4	-1.0
34hpp	C9H7O4	-1.0
35cdamp	C10H12N5O5P	0.0
35cgmp	C10H11N5O7P	-1.0
35dhpvs	C23H35NaO9	0.0
35diotyr	C9H8I2NO3	-1.0
35dsmv	C25H40O7	0.0
36dahx	C6H15N2O2	1.0
3AStrmyn	C24H36N7O13P	0.0
3aap	C5H9NO2	0.0
3aib	C4H9NO2	0.0
3amac	C3H4NO2	-1.0
3amba	C4H9NO2	0.0
3amp	C10H12N5O7P	-2.0
3bcrn	C11H21NO5	0.0
3c2hmp	C7H10O5	-2.0
3c3hmp	C7H10O5	-2.0
3c4mop	C7H8O5	-2.0
3cmp	C9H12N3O8P	-2.0
3ddcrn	C19H37NO5	0.0
3ddecdicoa	C33H54N7O17P3S	0.0
3ddgc	C6H9O6	-1.0
3deccrn	C17H33NO5	0.0
3decdicoa	C31H46N7O17P3S	-4.0
3dh5hpb	C37H53O4	-1.0
3dhguln	C6H9O7	-1.0
3dhgulnp	C6H8O10P	-3.0
3dhq	C7H9O6	-1.0
3dhsk	C7H7O5	-1.0
3docopencoa	C43H64N7O17P3S	-4.0
3dodtricoa	C33H48N7O17P3S	-4.0
3dpdhb	C57H85O4	-1.0
3dpdhb_me	C58H87O4	-1.0
3dphb	C57H85O3	-1.0
3dsphgn	C18H38NO2	1.0
3gmp	C10H12N5O8P	-2.0
3h26dm5coa	C31H52N7O18P3S	0.0
3h3mglt	C6H8O5	-2.0
3haACP	C388H609O144N96P1S3	-1.0
3hadicoa	C27H39N7O20P3S	-5.0
3hadpac	C6H10O5	0.0
3hadpcoa	C27H39N7O20P3S	-5.0
3hanthrn	C7H6NO3	-1.0
3hbcoa	C25H38N7O18P3S	-4.0
3hcddec5eACP	C23H41N2O9PS*	-1.0
3hcinnm	C9H7O3	-1.0
3hcpalm9eACP	C27H49N2O9PS*	-1.0
3hcvac11eACP	C402H635O144N96P1S3	0.0
3hdcoa	C31H50N7O18P3S	-4.0
3hddcoa	C33H54N7O18P3S	-4.0
3hddecACP	C23H43N2O9PS*	-1.0
3hdeccoa	C37H60N7O18P3S	-4.0
3hdececrn	C23H43NO5	0.0
3hdpgpi	C49H98O12P	-1.0
3hexdcoa	C37H62N7O18P3S	-4.0
3hexdcrn	C23H45NO5	0.0
3hexdtetcoa	C37H54N7O17P3S	-4.0
3hexdtricoa	C37H56N7O17P3S	-4.0
3hglutcoa	C26H37N7O20P3S	-5.0
3hhcoa	C27H42N7O18P3S	-4.0
3hhdcoa	C37H62N7O18P3S	-4.0
3hhexACP	C390H613O144N96P1S3	0.0
3hibutcoa	C25H38N7O18P3S	-4.0
3hivac	C5H10O3	0.0
3hlido	C14H22N2O2	0.0
3hlvst	C24H36O6	0.0
3hmbcoa	C26H40N7O18P3S	-4.0
3hmoa	C5H7O4	-1.0
3hmop	C6H9O4	-1.0
3hmp	C4H7O3	-1.0
3hmrsACP	C14H27O2S*	0.0
3hocoa	C29H47N7O18P3S	-3.0
3hoctACP	C19H35N2O9PS*	-1.0
3hoctaACP	C29H55N2O9PS*	-1.0
3hodcoa	C39H70N7O18P3S	0.0
3hoxpac	C8H7O3	-1.0
3hpalmACP	C27H51N2O9PS*	-1.0
3hpcoa	C24H36N7O18P3S	-4.0
3hph5mb	C38H55O4	-1.0
3hphaccoa	C29H38N7O18P3S	-4.0
3hpp	C3H5O3	-1.0
3hppnl	C3H6O2	0.0
3hpppn	C9H9O3	-1.0
3hpvs	C23H35NaO8	0.0
3hpvscoa	C44H71N7NaO23P3S	0.0
3hpvstet	C19H27NaO6	0.0
3hpvstetcoa	C40H63N7NaO21P3S	0.0
3hsmv	C25H38O6	0.0
3hsmvacid	C25H40O7	0.0
3htdcoa	C35H58N7O18P3S	-4.0
3htmelys	C9H21N2O3	1.0
3hxkynam	C9H12N2O2	0.0
3ig3p	C11H12NO6P	-2.0
3ivcoa	C26H40N7O18P3S	-4.0
3ivcrn	C12H23NO5	0.0
3m4hpga	C9H10O4	0.0
3mb	C5H9O2	-1.0
3mb2coa	C26H38N7O17P3S	-4.0
3mbald	C5H10O	0.0
3mbzalc	C8H10O	0.0
3mbzald	C8H8O	0.0
3mcat	C7H8O2	0.0
3mgcoa	C27H42N7O19P3S	0.0
3mglutac	C6H8O4	0.0
3mglutr	C6H10O4	0.0
3mhis	C7H11N3O2	0.0
3mlda	C6H8N2O2	0.0
3mldz	C6H8N2O	0.0
3mob	C5H7O3	-1.0
3mop	C6H9O3	-1.0
3mox4hoxm	C9H9O5	-1.0
3mox4hpac	C9H10O3	0.0
3moxtyr	C9H13NO2	0.0
3mtp	C4H8OS	0.0
3ntym	C8H10N2O3	0.0
3ocddcoa	C39H62N7O18P3S	-4.0
3ocddec5eACP	C396H621O144N96P1S3	-1.0
3ocmrs7eACP	C25H43N2O9PS*	-1.0
3ocpalm9eACP	C400H629O144N96P1S3	-1.0
3octdec2crn	C25H45NO5	0.0
3octdeccrn	C25H49NO5	0.0
3octdece1coa	C39H64N7O18P3S	-4.0
3octdece1crn	C25H47NO5	0.0
3octdectecoa	C39H58N7O17P3S	-4.0
3octpencoa	C39H56N7O17P3S	-4.0
3odcoa	C31H48N7O18P3S	-4.0
3oddcoa	C33H52N7O18P3S	-4.0
3oddecACP	C23H41N2O9PS*	-1.0
3ohcoa	C27H40N7O18P3S	-4.0
3ohdcoa	C37H60N7O18P3S	-4.0
3ohexACP	C17H29N2O9PS*	-1.0
3ohglutac	C5H6O5	-2.0
3ohodcoa	C39H64N7O18P3S	-4.0
3ohsebac	C10H18O5	0.0
3ohsebcoa	C31H47N7O20P3S	-5.0
3ohsubac	C8H14O5	0.0
3ohsubcoa	C29H43N7O20P3S	-5.0
3ohxccoa	C47H80N7O18P3S	-4.0
3oocoa	C29H44N7O18P3S	-4.0
3ooctACP	C19H33N2O9PS*	-1.0
3ooctdACP	C402H635O144N96P1S3	0.0
3opalmACP	C27H49N2O9PS*	-1.0
3ophb	C47H69O3	-1.0
3ophb_5	C57H85O3	-1.0
3opimcoa	C28H39N7O20P3S	-5.0
3otdcoa	C35H56N7O18P3S	-4.0
3oxoadp	C6H6O5	-2.0
3padsel	C10H15N5O13P2Se	0.0
3pg	C3H4O7P	-3.0
3php	C3H2O7P	-3.0
3pop	C3H3O6P	-2.0
3psme	C10H9O10P	-4.0
3sala	C3H6NO4S	-1.0
3snpyr	C3H4O5S	0.0
3spyr	C3H2O6S	-2.0
3tdcrn	C21H41NO5	0.0
3tetd7ecoa	C35H56N7O18P3S	-4.0
3thexddcoa	C37H58N7O18P3S	-4.0
3ttetddcoa	C35H54N7O18P3S	-4.0
3uib	C5H10N2O3	0.0
3ump	C9H11N2O9P	-2.0
44mctr	C29H46O	0.0
44mzym	C29H48O	0.0
46dh25dohxn	C6H7O6	-1.0
46dhoxquin	C9H7NO2	0.0
48dhoxquin	C9H7NO2	0.0
4aabutn	C6H10NO3	-1.0
4abut	C4H9NO2	0.0
4abutn	C4H10NO	1.0
4abz	C7H6NO2	-1.0
4adcho	C10H10NO5	-1.0
4ahmmp	C6H9N3O	0.0
4ampm	C6H8N3O4P	-2.0
4aphdob	C10H8NO4	-1.0
4bhglz	C15H21N3O4S	0.0
4c2me	C14H23N3O14P2	-2.0
4crsol	C7H8O	0.0
4fe4s	Fe4S4	2.0
4fumacac	C8H6O6	-2.0
4glu56dihdind	C18H23N4O8S	-1.0
4gudbd	C5H13N4O	1.0
4gudbutn	C5H11N3O2	0.0
4h2oglt	C5H4O6	-2.0
4h2opntn	C5H7O4	-1.0
4h3npac	C8H5NO5	-2.0
4h3npacald	C8H6NO4	-1.0
4hatvacid	C33H35FN2O6	0.0
4hatvlac	C33H33FN2O5	0.0
4hba	C7H8O2	0.0
4hbald	C7H6O2	0.0
4hbutcoa	C25H38N7O18P3S	-4.0
4hbz	C7H5O3	-1.0
4hbzcoa	C28H36N7O18P3S	-4.0
4hdebrisoquine	C10H13N3O	0.0
4hexdtetcoa	C37H54N7O17P3S	-4.0
4hexdtricoa	C37H56N7O17P3S	-4.0
4hglusa	C5H9NO4	0.0
4hmdgluc	C24H21ClFN3O7	0.0
4hoxpacd	C8H8O2	0.0
4hphac	C8H7O3	-1.0
4hpro_LT	C5H9NO3	0.0
4hthr	C4H9NO4	0.0
4izp	C6H7N2O3	-1.0
4mbzalc	C8H10O	0.0
4mbzald	C8H8O	0.0
4mcat	C7H8O2	0.0
4met2obut	C5H7O3S	-1.0
4mhetz	C6H9NOS	0.0
4mlacac	C8H6O6	-2.0
4mop	C6H9O3	-1.0
4mpetz	C6H8NO4PS	-2.0
4mptnl	C6H12O	0.0
4mtob	C5H7O3S	-1.0
4mtolbutamide	C12H18N2O4S	0.0
4mzym_int1	C29H45O3	-1.0
4mzym_int2	C28H44O	0.0
4nph	C6H4NO3	-1.0
4nphsf	C6H5NO6S	0.0
4ogm	C5H6NO4	-1.0
4ohbut	C4H7O3	-1.0
4ohmdz	C18H13ClFN3O	0.0
4pasp	C4H6NO7P	-2.0
4per	C4H6O8P	-3.0
4ppan	C9H15NO8P	-3.0
4ppcys	C12H20N2O9PS	-3.0
4pyrdx	C8H8NO4	-1.0
4r5au	C9H16N4O6	0.0
4tmeabut	C7H16NO	1.0
4tmeabutn	C7H15NO2	0.0
56dh5flura	C4H5FN2O2	0.0
56dihindlcrbxlt	C9H6NO4	-1.0
56dthm	C5H8N2O2	0.0
56dura	C4H6N2O2	0.0
56eppvs	C23H35NaO8	0.0
56iqcrbxlt	C9H5NO4	0.0
5HPET	C20H31O4	-1.0
5a2opntn	C5H9NO3	0.0
5adtststerone	C19H30O2	0.0
5adtststeroneglc	C25H38O8	0.0
5adtststerones	C19H29O5S	-1.0
5aizc	C9H12N3O9P	-2.0
5aop	C5H9NO3	0.0
5apentam	C5H13N2O	1.0
5aprbu	C9H15N4O9P	-2.0
5apru	C9H13N4O9P	-2.0
5aptn	C5H11NO2	0.0
5caiz	C9H11N3O9P	-3.0
5cysdopa	C11H17N2O4S	1.0
5cysgly34dhphe	C14H19N3O7S	0.0
5d4dglcr	C6H6O7	-2.0
5dglcn	C6H9O7	-1.0
5dh4dglc	C6H6O7	-2.0
5dh4dglcn	C6H7O6	-1.0
5dhf	C39H43N11O18	-6.0
5dpmev	C6H10O10P2	-4.0
5drib	C5H10O4	0.0
5eipenc	C20H29O2	-1.0
5eipencoa	C41H60N7O17P3S	-4.0
5flura	C4H3FN2O2	0.0
5flurimp	C9H12FN2O9P	0.0
5forthf	C20H22N8O6	-2.0
5fthf	C20H21N7O7	-2.0
5g2oxpt	C6H11N3O3	0.0
5hbzid	C7H6N2O	0.0
5hiu	C5H4N4O4	0.0
5homeprazole	C17H19N3O4S	0.0
5houdic	C5H5N4O5	-1.0
5hoxindact	C10H9NO2	0.0
5hoxindoa	C10H8NO3	-1.0
5hoxnfkyn	C11H12N2O5	0.0
5htrp	C11H12N2O3	0.0
5hxkyn	C10H12N2O4	0.0
5hxkynam	C9H13N2O2	1.0
5mcsn	C5H7N3O	0.0
5mdr1p	C6H11O7PS	-2.0
5mdru1p	C6H11O7PS	-2.0
5moxact	C11H11NO3	0.0
5mta	C11H15N5O3S	0.0
5mthf	C20H24N7O6	-1.0
5mtr	C6H12O4S	0.0
5odhf2a	C6H5O4	-1.0
5ohfvs	C24H25FNNaO5	0.0
5ohfvsglu	C30H33FNNaO11	0.0
5ohhexa	C6H12O3	0.0
5oxpro	C5H6NO3	-1.0
5pg35pg	C20H23N10O15P2	-3.0
5pmev	C6H10O7P	-3.0
5prdmbz	C14H17N2O7P	-2.0
5tedtricoa	C35H52N7O17P3S	-4.0
5thf	C39H45N11O18	-6.0
6a2ohxnt	C6H11NO3	0.0
6ampenc	C8H12N2O3S	0.0
6apa	C8H12N2O3S	0.0
6ax	C6H13NO2	0.0
6ax6ax	C12H24N2O3	0.0
6bhglz	C15H21N3O4S	0.0
6bhglzglc	C21H29N3O10S	0.0
6csmv	C25H36O7	0.0
6csmvacid	C25H38O8	0.0
6dhf	C44H49N12O21	-7.0
6hddopaqn	C9H11NO2	0.0
6hlvst	C24H36O6	0.0
6hlvstacid	C24H38O7	0.0
6hmhpt	C7H9N5O2	0.0
6hmhptpp	C7H8N5O8P2	-3.0
6hmsmv	C25H38O6	0.0
6hmsmvacid	C25H40O7	0.0
6hnac	C6H4NO3	-1.0
6hoxmelatn	C13H16N2O3	0.0
6hsmv	C25H38O6	0.0
6hsmvacid	C25H40O7	0.0
6htststerone	C19H28O3	0.0
6melvacid	C24H36O6	0.0
6melvst	C24H34O5	0.0
6mpur	C5H4N4S	0.0
6msmv	C25H36O5	0.0
6ohfvs	C24H25FNNaO5	0.0
6ohfvsglu	C30H33FNNaO11	0.0
6p2dhglcn	C6H8O10P	-3.0
6pgc	C6H10O10P	-3.0
6pgg	C12H23O14P	0.0
6pgl	C6H9O9P	-2.0
6pthp	C9H11N5O3	0.0
6tgsnmp	C10H14N5O7PS	0.0
6thf	C44H51N12O21	-7.0
6tins5mp	C10H11N4O7PS	-2.0
6txan5mp	C10H13N4O8PS	0.0
7bhglz	C15H21N3O4S	0.0
7bhglzglc	C21H29N3O10S	0.0
7dhchsterol	C27H44O	0.0
7dhf	C49H55N13O24	-8.0
7hpvs	C23H35NaO8	0.0
7klitchol	C24H37O4	-1.0
7mhp	C7H14O2S	0.0
7mht	C11H21NO4S	0.0
7ohocata	C8H15O3	-1.0
7ohp	C7H12O3	0.0
7thf	C49H57N13O24	-8.0
8aonn	C9H17NO3	0.0
ACP	H2S*	1.0
Ac1PIM1	C18H25O19P*	-1.0
Asn_X_Ser_Thr	C5H7N3O3*	0.0
B_ara1p	C5H9O8P	-2.0
C01041	C6H6O6	-1.0
C01241	C8H14NO8P*	0.0
C01507	C6H14O6	0.0
C01601	C9H17O2	-1.0
C01747	C24H48NO7	1.0
C01836	C78H121N21O20	0.0
C02147	C8H16O2S2	0.0
C02356	C4H9NO2	0.0
C02442	C9H14NO	1.0
C02470	C10H7NO4	0.0
C02528	C24H39O4	-1.0
C02712	C7H12NO3S	-1.0
C02744	C24H47NO10S	0.0
C03405	C31H55NO16S*	-1.0
C03413	C14H32N4O2	2.0
C03577	C23H36NO6S	-1.0
C03681	C21H32O2	0.0
C03693	C6H14O12P2	0.0
C03958	C16H22N6O4	0.0
C04051	C4H6N4O	0.0
C04295	C19H30O2	0.0
C04308	C9H16NO8P*	0.0
C04717	C18H31O4	-1.0
C04805	C20H31O3	-1.0
C04843	C20H34O5	0.0
C04849	C20H32O4	0.0
C05109	C30H52O	0.0
C05279	C33H54N7O17P3S	0.0
C05280	C33H54N7O17P3S	0.0
C05284	C19H26O3	0.0
C05298	C18H22O3	0.0
C05299	C19H24O3	0.0
C05300	C18H22O3	0.0
C05301	C18H24O3	0.0
C05302	C19H26O3	0.0
C05708	C5H11NO3Se	0.0
C05767	C40H38N4O16	0.0
C05769	C36H38N4O8	0.0
C05770	C36H34N4O8	-4.0
C05957	C20H29O4	-1.0
C06199	C10H15NO	0.0
C06314	C20H31O5	-1.0
C06315	C20H31O5	-1.0
C06350	C16H17NO4	0.0
C06453	C63H91CoN13O14P	0.0
C06948	C16H13ClN2O	0.0
C07297	C40H66N7O18P3S	-4.0
C07486	C15H11ClN2O	0.0
C07535	C20H12	0.0
C08261	C9H14O4	-2.0
C08276	C4H7O2S	-1.0
C09209	C12H10N2	0.0
C09640	C11H15NO2	0.0
C09642	C10H13NO2	0.0
C10164	C6H5NO2	0.0
C11304	C30H49N3O10S	0.0
C11695	C22H37NO2	0.0
C11821	C5H4N4O4	0.0
C13856	C23H38O4	0.0
C14768	C20H31O3	-1.0
C14769	C20H31O3	-1.0
C14770	C20H31O3	-1.0
C14771	C20H31O3	-1.0
C14825	C18H32O3	0.0
C14826	C18H32O3	0.0
C14849	C20H12O	0.0
C14851	C20H12O	0.0
CCbuttc	C7H3O6	-3.0
CE0074	C4H2N2O4	0.0
CE0233	C27H48O3	0.0
CE0347	C20H31O3	-1.0
CE0469	C8H13N2O5	-1.0
CE0692	C33H50N7O18P3S	-4.0
CE0693	C33H50N7O18P3S	-4.0
CE0713	C39H60N7O18P3S	-4.0
CE0737	C3H3O2	-1.0
CE0782	C35H54N7O18P3S	-4.0
CE0785	C35H54N7O17P3S	-4.0
CE0849	C37H58N7O17P3S	-4.0
CE0853	C37H58N7O18P3S	-4.0
CE0955	C20H34O6	0.0
CE1059	C11H23N3O2	0.0
CE1102	C35H56N7O18P3S	-4.0
CE1162	C20H28O	0.0
CE1243	C17H26O3	0.0
CE1261	C12H16N2O6S	0.0
CE1272	C27H48O4	0.0
CE1273	C27H48O5	0.0
CE1274	C27H46O5	0.0
CE1277	C27H48O5	0.0
CE1278	C27H48O5	0.0
CE1279	C27H48O5	0.0
CE1292	C27H43O3	-1.0
CE1293	C27H44O2	0.0
CE1294	C27H44O2	0.0
CE1297	C27H44O	0.0
CE1298	C27H44O2	0.0
CE1310	C5H8NO3S	-1.0
CE1352	C21H31O6S	-1.0
CE1401	C4H7NOS	0.0
CE1447	C20H31O6	-1.0
CE1554	C5H9NO3	0.0
CE1556	C6H10N2O4	0.0
CE1562	C9H5NO4	0.0
CE1589	C45H70N7O19P3S	-4.0
CE1617	C20H27O2	-1.0
CE1661	C9H15N2O5	-1.0
CE1665	C15H22N4O9S	-2.0
CE1761	C20H30O2	0.0
CE1787	C12H25N2O7	1.0
CE1918	C10H11NO2	0.0
CE1925	C16H22O4	0.0
CE1926	C15H20O4	0.0
CE1935	C10H26N3O	3.0
CE1936	C10H22N2O2	2.0
CE1937	C10H25N3O2	2.0
CE1939	C7H18N2O	2.0
CE1940	C7H18N2O	2.0
CE1941	C7H17N2O2	1.0
CE1943	C7H14NO2	1.0
CE1944	C4H8N	1.0
CE1950	CH2NO2S	0.0
CE1957	C8H5NO5	-2.0
CE2006	C9H16O2	0.0
CE2011	CHNOS	0.0
CE2020	C22H34NO3	-1.0
CE2026	C7H11NO3	0.0
CE2028	C5H10O3	0.0
CE2038	C40H66N7O17P3S	-4.0
CE2047	C18H33O4	-1.0
CE2049	C18H33O4	-1.0
CE2053	C20H29O5	-1.0
CE2056	C20H31O6	-1.0
CE2065	C11H15N4O4	-1.0
CE2072	C7H17N2O2	1.0
CE2084	C20H29O3	-1.0
CE2088	C11H13N3O5S	-2.0
CE2089	C9H12N3O4S	-1.0
CE2095	C16H22N2O9	0.0
CE2102	C14H26N2O3S2	0.0
CE2122	C11H11NO2	0.0
CE2152	C11H12N2	0.0
CE2153	C11H12N2O	0.0
CE2172	C9H12NO2	1.0
CE2173	C10H13NO3	0.0
CE2174	C9H12NO3	1.0
CE2176	C10H13NO4	0.0
CE2180	C18H22O3	0.0
CE2183	C19H26O3	0.0
CE2184	C19H24O3	0.0
CE2186	C19H26O3	0.0
CE2189	C19H24O3	0.0
CE2196	C11H16NO2	1.0
CE2201	C27H44O3	0.0
CE2202	C27H44O4	0.0
CE2203	C27H42O4	0.0
CE2204	C27H40O4	0.0
CE2206	C27H42O4	0.0
CE2207	C27H42O5	0.0
CE2209	C19H32O2	0.0
CE2211	C21H34O2	0.0
CE2242	C43H72N7O17P3S	-4.0
CE2243	C41H68N7O17P3S	-4.0
CE2245	C45H76N7O17P3S	-4.0
CE2246	C43H74N7O18P3S	-4.0
CE2247	C41H70N7O18P3S	-4.0
CE2248	C39H66N7O18P3S	-4.0
CE2249	C45H82N7O18P3S	0.0
CE2250	C43H72N7O18P3S	-4.0
CE2251	C41H68N7O18P3S	-4.0
CE2253	C45H76N7O18P3S	-4.0
CE2303	C24H40O10	-2.0
CE2304	C24H40O10	-2.0
CE2305	C24H40O10	-2.0
CE2306	C24H40O10	-2.0
CE2313	C29H48O	0.0
CE2314	C29H50O	0.0
CE2345	C27H41O4	-1.0
CE2414	C20H39O2	-1.0
CE2416	C19H37O2	-1.0
CE2417	C35H54N7O18P3S	-4.0
CE2418	C37H58N7O18P3S	-4.0
CE2420	C33H52N7O18P3S	-4.0
CE2421	C39H62N7O18P3S	-4.0
CE2422	C37H56N7O18P3S	-4.0
CE2424	C35H52N7O18P3S	-4.0
CE2432	C35H52N7O17P3S	-4.0
CE2433	C37H56N7O17P3S	-4.0
CE2434	C39H60N7O17P3S	-4.0
CE2437	C39H58N7O17P3S	-4.0
CE2438	C39H60N7O18P3S	-4.0
CE2439	C39H58N7O18P3S	-4.0
CE2440	C37H56N7O17P3S	-4.0
CE2441	C37H54N7O17P3S	-4.0
CE2442	C37H56N7O17P3S	-4.0
CE2445	C20H31O4	-1.0
CE2446	C20H31O4	-1.0
CE2510	C20H37O2	-1.0
CE2516	C20H33O2	-1.0
CE2537	C20H34O3	0.0
CE2565	C20H31O3	-1.0
CE2566	C20H29O4	-1.0
CE2567	C20H29O4	-1.0
CE2568	C20H31O5	-1.0
CE2569	C20H31O5	-1.0
CE2576	C9H16O3	0.0
CE2577	C9H14O2	0.0
CE2592	C37H60N7O18P3S	-4.0
CE2597	C33H52N7O18P3S	-4.0
CE2615	C11H11N5O	0.0
CE2616	C17H18N5O7	-1.0
CE2705	C9H13N5O3	0.0
CE2751	C28H37N5O7	0.0
CE2754	C15H12I3NO4	0.0
CE2838	C54H92O46	0.0
CE2839	C60H102O51	0.0
CE2846	C12H24N2O10P	-1.0
CE2847	C8H15NO7	0.0
CE2848	C8H14NO10P	-2.0
CE2858	C46H74N14O10	2.0
CE2862	C57H91N18O16	1.0
CE2863	C21H33N3O5	0.0
CE2866	C15H13I2NO4	0.0
CE2870	C15H13I2NO7S	0.0
CE2872	C15H13I2NO4	0.0
CE2873	C15H12I2NO7S	-1.0
CE2874	C15H14INO4	0.0
CE2875	C15H13INO7S	-1.0
CE2876	C21H20I2NO10	-1.0
CE2877	C21H18I4NO10	-1.0
CE2878	C21H19I3NO10	-1.0
CE2879	C21H19I3NO10	-1.0
CE2880	C21H20I2NO10	-1.0
CE2881	C14H8I4O4	0.0
CE2882	C14H8I3O4	-1.0
CE2883	C14H9I3O4	0.0
CE2884	C14H9I2O4	-1.0
CE2885	C20H14I4O10	-2.0
CE2886	C20H15I3O10	-2.0
CE2887	C20H15I3O10	-2.0
CE2888	C20H16I2O10	-2.0
CE2890	C18H39N9O4	2.0
CE2891	C74H118N21O17	3.0
CE2915	C44H60N7O11	-1.0
CE2916	C35H51N6O10	-1.0
CE2917	C69H114N23O16S	3.0
CE2934	C10H11NO3	0.0
CE2947	C16H16NO9	-1.0
CE2949	C10H7NO4	0.0
CE2953	C20H27O3	-1.0
CE2955	C20H25O2	-1.0
CE2957	C20H27O3	-1.0
CE2958	C26H35O9	-1.0
CE2961	C22H32O3	0.0
CE2962	C28H39O9	-1.0
CE2963	C20H27O3	-1.0
CE2964	C20H27O3	-1.0
CE3038	C27H44O4	0.0
CE3075	C6H15O9P	0.0
CE3086	C16H20NO9	-1.0
CE3087	C11H8N2	0.0
CE3092	C26H36N5O14S	-1.0
CE3136	C20H27O3	-1.0
CE3140	C17H22N2O7	0.0
CE3481	C23H37O7P	-2.0
CE3554	C20H31O7	-1.0
CE4633	HClO	0.0
CE4722	C38H49N6O10	-1.0
CE4723	C29H40N5O9	-1.0
CE4724	C60H105N22O15S	3.0
CE4753	C20H40N5O6	1.0
CE4754	C26H45N11O6	2.0
CE4790	C35H56N7O18P3S	-4.0
CE4791	C41H64N7O18P3S	-4.0
CE4792	C35H54N7O18P3S	-4.0
CE4793	C41H62N7O18P3S	-4.0
CE4794	C33H52N7O17P3S	-4.0
CE4795	C41H60N7O17P3S	-4.0
CE4796	C30H46N7O18P3S	-4.0
CE4797	C30H48N7O17P3S	-4.0
CE4798	C30H48N7O17P3S	-4.0
CE4799	C30H46N7O17P3S	-4.0
CE4800	C30H48N7O18P3S	-4.0
CE4801	C32H52N7O18P3S	-4.0
CE4802	C27H42N7O18P3S	-4.0
CE4803	C32H50N7O18P3S	-4.0
CE4804	C27H40N7O18P3S	-4.0
CE4806	C32H50N7O17P3S	-4.0
CE4807	C27H40N7O17P3S	-4.0
CE4808	C27H42N7O17P3S	-4.0
CE4810	C41H62N7O18P3S	-4.0
CE4811	C41H60N7O18P3S	-4.0
CE4812	C41H60N7O17P3S	-4.0
CE4816	C45H66N7O17P3S	-4.0
CE4817	C43H64N7O18P3S	-4.0
CE4818	C45H68N7O18P3S	-4.0
CE4819	C43H62N7O18P3S	-4.0
CE4820	C45H66N7O18P3S	-4.0
CE4821	C43H62N7O17P3S	-4.0
CE4824	C45H68N7O17P3S	-4.0
CE4830	C45H68N7O17P3S	-4.0
CE4831	C43H66N7O18P3S	-4.0
CE4832	C45H68N7O18P3S	-4.0
CE4833	C43H64N7O18P3S	-4.0
CE4834	C45H68N7O18P3S	-4.0
CE4835	C43H64N7O17P3S	-4.0
CE4837	C45H70N7O17P3S	-4.0
CE4838	C45H66N7O17P3S	-4.0
CE4840	C41H66N7O18P3S	-4.0
CE4841	C41H64N7O18P3S	-4.0
CE4842	C41H64N7O17P3S	-4.0
CE4843	C41H66N7O17P3S	-4.0
CE4844	C43H68N7O18P3S	-4.0
CE4845	C43H66N7O18P3S	-4.0
CE4846	C43H66N7O17P3S	-4.0
CE4847	C43H68N7O17P3S	-4.0
CE4848	C43H66N7O18P3S	-4.0
CE4849	C45H70N7O18P3S	-4.0
CE4850	C43H64N7O18P3S	-4.0
CE4851	C45H68N7O18P3S	-4.0
CE4852	C43H64N7O17P3S	-4.0
CE4853	C45H68N7O17P3S	-4.0
CE4854	C43H66N7O17P3S	-4.0
CE4855	C45H70N7O17P3S	-4.0
CE4872	C27H46O4	0.0
CE4874	C27H48O5	0.0
CE4876	C20H29O4	-1.0
CE4877	C20H27O3	-1.0
CE4881	ClNO2	0.0
CE4888	C8H7NO2	0.0
CE4890	C11H15NO2	0.0
CE4898	C28H45O4	-1.0
CE4936	C25H37NO6S	-2.0
CE4968	C7H13NO3	0.0
CE4969	C6H11NO3	0.0
CE4970	C7H13NO3	0.0
CE4980	C23H38O7	0.0
CE4987	C20H33O4	-1.0
CE4988	C20H34O4	0.0
CE4989	C20H33O5	-1.0
CE4990	C20H29O4	-1.0
CE4993	C30H47N3O10S	-2.0
CE5013	C20H30O2	0.0
CE5014	C20H28	0.0
CE5016	C20H32O3	0.0
CE5021	C29H52O3	0.0
CE5022	C29H50O3	0.0
CE5025	C18H26N4O8S	0.0
CE5026	C19H25N4O10S	-1.0
CE5049	CH2*	0.0
CE5068	C6H6O4	-2.0
CE5072	C21H34O3	0.0
CE5082	C9H15N2O5S	-1.0
CE5101	C11H15O16P2*	-3.0
CE5114	C41H62N7O17P3S	-4.0
CE5116	C41H62N7O17P3S	-4.0
CE5117	C35H52N7O17P3S	-4.0
CE5118	C35H52N7O17P3S	-4.0
CE5119	C35H54N7O17P3S	-4.0
CE5120	C35H54N7O17P3S	-4.0
CE5122	C41H70N7O17P3S	-4.0
CE5125	C40H68N7O17P3S	-4.0
CE5126	C40H68N7O17P3S	-4.0
CE5138	C20H29O5	-1.0
CE5139	C20H29O6	-1.0
CE5140	C20H29O7	-1.0
CE5141	C20H27O5	-1.0
CE5144	C41H66N7O18P3S	-4.0
CE5148	C41H68N7O18P3S	-4.0
CE5150	C41H66N7O17P3S	-4.0
CE5151	C41H68N7O17P3S	-4.0
CE5152	C43H70N7O18P3S	-4.0
CE5153	C43H72N7O18P3S	-4.0
CE5154	C43H70N7O17P3S	-4.0
CE5155	C43H72N7O17P3S	-4.0
CE5156	C45H74N7O18P3S	-4.0
CE5157	C45H76N7O18P3S	-4.0
CE5158	C45H74N7O17P3S	-4.0
CE5160	C39H62N7O18P3S	-4.0
CE5161	C39H64N7O18P3S	-4.0
CE5162	C39H62N7O17P3S	-4.0
CE5166	C48H76N7O20P3S	-4.0
CE5168	C48H76N7O21P3S	-4.0
CE5178	C20H29O4	-1.0
CE5179	C20H31O4	-1.0
CE5236	C9H13N5O3	0.0
CE5239	C28H38N3O9S	-1.0
CE5240	C28H36N3O9S	-1.0
CE5241	C28H38N3O9S	-1.0
CE5242	C28H36N3O9S	-1.0
CE5243	C28H38N3O9S	-1.0
CE5244	C28H36N3O9S	-1.0
CE5249	C18H22O3	0.0
CE5250	C18H22O3	0.0
CE5251	C18H20O3	0.0
CE5252	C18H20O3	0.0
CE5276	C8H9NO2	0.0
CE5277	C8H8NO2	0.0
CE5278	C9H6NO4	-2.0
CE5304	C20H30O4	0.0
CE5307	C18H27O4	-1.0
CE5319	C18H27O4	-1.0
CE5329	C41H62N7O20P3S	-4.0
CE5331	C41H60N7O20P3S	-4.0
CE5337	C39H58N7O19P3S	-4.0
CE5341	C41H60N7O19P3S	-4.0
CE5342	C41H62N7O19P3S	-4.0
CE5343	C20H31O4	-1.0
CE5344	C41H62N7O20P3S	-4.0
CE5345	C41H60N7O20P3S	-4.0
CE5346	C39H58N7O19P3S	-4.0
CE5347	C41H60N7O19P3S	-4.0
CE5348	C41H62N7O19P3S	-4.0
CE5349	C20H29O4	-1.0
CE5352	C20H33O4	-1.0
CE5456	C6H11O3	-1.0
CE5525	C20H26O6	-2.0
CE5531	C30H45N3O10S	-2.0
CE5536	C9H9NO3	0.0
CE5538	C8H7NO3	0.0
CE5541	C9H9NO3	-1.0
CE5542	C8H7NO3	-1.0
CE5544	C19H22N4O10S	-2.0
CE5545	C18H23N4O8S	-1.0
CE5546	C19H25N4O9S	-1.0
CE5547	C18H23N4O9S	-1.0
CE5586	C7H20N3	3.0
CE5588	C10H23N3O2	0.0
CE5591	C20H28O2	0.0
CE5592	C20H28O2	0.0
CE5593	C20H28O2	0.0
CE5594	C20H27O2	-1.0
CE5626	C11H13NO4	0.0
CE5627	C12H15NO4	0.0
CE5629	C10H11NO2	0.0
CE5643	NO3	-1.0
CE5653	C20H25O3	-1.0
CE5654	C20H25O3	-1.0
CE5655	C28H48O3	0.0
CE5656	C18H26N5O8PS2	0.0
CE5661	C20H29O5	-1.0
CE5662	C20H31O5	-1.0
CE5665	C8H9NO2	0.0
CE5700	C23H38O6	0.0
CE5726	C23H38O7	0.0
CE5727	C23H38O7	0.0
CE5730	C23H36O6	0.0
CE5747	C42H58NO	1.0
CE5752	C42H58NO	1.0
CE5753	C42H58NO	1.0
CE5754	C42H58NO	1.0
CE5755	C42H58NO	1.0
CE5756	C26H35O8	-1.0
CE5757	C26H33O9	-1.0
CE5775	C42H58NO	1.0
CE5776	C42H58NO	1.0
CE5786	C56H87N17O11	2.0
CE5787	C15H31N6O4	1.0
CE5788	C41H67N15O9	2.0
CE5789	C50H76N16O10	2.0
CE5791	C35H47N10O7	1.0
CE5794	C52H74N15O12S	1.0
CE5795	C12H22N4O5	0.0
CE5796	C40H54N11O8S	1.0
CE5797	C32H51N5O7	0.0
CE5798	C26H40N4O6	0.0
CE5815	C20H31O4	-1.0
CE5820	C11H18N5O2	1.0
CE5829	C18H34N4O6	0.0
CE5835	C29H50O3	0.0
CE5837	C29H50O5	0.0
CE5838	C29H50O4	0.0
CE5839	C29H50O5	0.0
CE5840	C29H50O4	0.0
CE5842	C29H50O3	0.0
CE5843	C29H48O4	0.0
CE5853	C22H29O10	-1.0
CE5854	C21H27O10	-1.0
CE5860	C12H16N2O3	0.0
CE5865	C9H18N2O4	0.0
CE5866	C9H18N2O3	0.0
CE5867	C20H32N5O9	-1.0
CE5868	C9H12N2O7	-2.0
CE5869	C11H22N3O3	1.0
CE5875	C27H37N7O19P3S	-5.0
CE5932	C20H30O2	0.0
CE5934	C40H68N7O18P3S	-4.0
CE5944	C20H31O4	-1.0
CE5945	C20H33O6	-1.0
CE5946	C20H33O7	-1.0
CE5947	C20H30O6	-2.0
CE5956	C20H33O7P2	-3.0
CE5966	C41H62N7O20P3S	-4.0
CE5967	C39H60N7O19P3S	-4.0
CE5968	C18H29O4	-1.0
CE5969	C41H64N7O19P3S	-4.0
CE5970	C41H62N7O19P3S	-4.0
CE5971	C41H64N7O20P3S	-4.0
CE5976	C20H28O6	-2.0
CE5986	C28H47NO4	0.0
CE5994	C23H34NO6S	-1.0
CE5995	C23H33NO7S	-2.0
CE6000	CNO5	-1.0
CE6027	C23H34O3	0.0
CE6031	C19H29O5S	-1.0
CE6182	C41H59N7O21P3S	-5.0
CE6183	C41H57N7O22P3S	-5.0
CE6184	C39H55N7O21P3S	-5.0
CE6185	C18H24O6	-2.0
CE6186	C41H57N7O21P3S	-5.0
CE6187	C41H59N7O22P3S	-5.0
CE6188	C42H60N8O22P3S2	-5.0
CE6189	C44H62N8O23P3S2	-5.0
CE6190	C44H64N8O22P3S2	-5.0
CE6191	C44H62N8O22P3S2	-5.0
CE6192	C44H64N8O23P3S2	-5.0
CE6193	C21H29NO7S	-2.0
CE6198	C42H60N8O23P3S2	-5.0
CE6204	C42H58N8O22P3S2	-5.0
CE6205	C11H13NO2	0.0
CE6219	C28H48O3	0.0
CE6225	C42H60N8O22P3S2	-5.0
CE6226	C42H62N8O23P3S2	-5.0
CE6227	C42H60N8O22P3S2	-5.0
CE6228	C40H56N8O22P3S2	-5.0
CE6229	C19H25NO7S	-2.0
CE6230	C20H33O4	-1.0
CE6232	C20H33O6	-1.0
CE6234	C20H33O5	-1.0
CE6235	C30H45N3O10S	-2.0
CE6240	C20H31O4	-1.0
CE6241	C30H47N3O10S	-2.0
CE6242	C30H45N3O10S	-2.0
CE6243	C30H45N3O10S	-2.0
CE6244	C30H49N3O10S	-2.0
CE6245	C30H47N3O10S	-2.0
CE6246	C20H32O4	0.0
CE6247	C20H31O5	-1.0
CE6248	C20H31O5	-1.0
CE6250	C30H47N3O10S	-2.0
CE6251	C20H31O4	-1.0
CE6252	C5H3N4O3	0.0
CE6316	C10H14NO2	1.0
CE6317	C10H11NO2	0.0
CE6415	C18H31O4	-1.0
CE6420	C22H31O4	-1.0
CE6426	C22H31O4	-1.0
CE6435	C22H31O4	-1.0
CE6438	C22H31O4	-1.0
CE6444	C22H31O6	-1.0
CE6445	C22H31O6	-1.0
CE6446	C22H31O6	-1.0
CE6447	C22H31O6	-1.0
CE6448	C22H31O6	-1.0
CE6449	C22H31O6	-1.0
CE6450	C22H31O6	-1.0
CE6451	C22H31O6	-1.0
CE6452	C22H31O5	-1.0
CE6453	C22H31O5	-1.0
CE6454	C22H31O5	-1.0
CE6455	C22H31O5	-1.0
CE6456	C22H31O5	-1.0
CE6457	C22H31O5	-1.0
CE6458	C22H31O5	-1.0
CE6459	C22H31O5	-1.0
CE6460	C22H31O5	-1.0
CE6461	C22H31O5	-1.0
CE6462	C22H31O5	-1.0
CE6463	C22H31O5	-1.0
CE6464	C22H31O5	-1.0
CE6465	C22H31O5	-1.0
CE6466	C22H31O5	-1.0
CE6467	C22H31O5	-1.0
CE6504	C18H32O6	0.0
CE6506	C9H16O2	0.0
CE6508	C20H29O4	-1.0
CE7047	C28H47O2	0.0
CE7072	C28H40O4	0.0
CE7074	C28H42O3	0.0
CE7079	C20H27O3	-1.0
CE7081	C20H29O3	-1.0
CE7082	C20H29O3	-1.0
CE7083	C20H30O4	0.0
CE7084	C20H29O4	-1.0
CE7085	C20H29O3	-1.0
CE7086	C30H43N3O9S	-2.0
CE7087	C25H37N2O6S	-1.0
CE7088	C20H29O5	-1.0
CE7090	C20H29O3	-1.0
CE7091	C20H29O4	-1.0
CE7096	C20H31O4	-1.0
CE7097	C20H29O4	-1.0
CE7101	C28H48O3	0.0
CE7109	C20H27O4	-1.0
CE7110	C20H27O4	-1.0
CE7111	C20H27O3	-1.0
CE7112	C20H29O5	-1.0
CE7113	C20H29O5	-1.0
CE7114	C20H29O5	-1.0
CE7115	C20H29O5	-1.0
CE7144	C29H44O3	0.0
CE7145	C29H42O4	0.0
CE7172	C20H32O4	0.0
CE7218	C9H10N2O5S	-2.0
CE7220	C16H21N5O8S	-2.0
CN0010	C20H12O2	0.0
CN0011	C20H12O2	0.0
CN0012	C20H12O	0.0
CN0016	C24H14	0.0
CN0017	C24H14O	0.0
CN0018	C24H16O2	0.0
CN0020	C20H16	0.0
CN0021	C20H16O	0.0
CN0022	C20H18O2	0.0
CN0023	C20H18O3	0.0
DPA	C7H3NO4	-2.0
Dara14lac	C5H8O5	0.0
HC00229	C12H22O11	0.0
HC00250	HS	-1.0
HC00319	C3H2O4	-2.0
HC00342	C6H3O6	-3.0
HC00361	C7H12O13P2	-4.0
HC00460	C7H5O4	-1.0
HC00576	C10H16N4O3	0.0
HC00591	C5H6NO4	-1.0
HC00664	C6H13O9P	0.0
HC00682	C10H19NO2S2	0.0
HC00695	C12H21NO4S2	0.0
HC00718	C3H9NO4P	-1.0
HC00822	C16H28N2O11	0.0
HC00832	C6H12O5	0.0
HC00900	C4H4O4	-2.0
HC00955	C4H6N2O2	0.0
HC01104	C6H4NO6P	-2.0
HC01115	C11H19NO10	0.0
HC01118	C30H49O7P2	-3.0
HC01161	C3H6NO2*	1.0
HC01162	C20H29N4O17P	-2.0
HC01180	C6H14O12P2	0.0
HC01223	C25H38N7O18P3S	-4.0
HC01231	C12H21N2O6S	-1.0
HC01254	C9H13N5O3	0.0
HC01361	C9H13N5O4	0.0
HC01376	C13H25NO2S2	0.0
HC01377	C13H25NO2S2	0.0
HC01397	C37H62N7O18P3S	-4.0
HC01405	C29H46N7O18P3S	-4.0
HC01406	C29H44N7O18P3S	-4.0
HC01407	C27H42N7O18P3S	-4.0
HC01408	C27H40N7O18P3S	-4.0
HC01412	C35H56N7O17P3S	-4.0
HC01415	C29H44N7O17P3S	-4.0
HC01434	C6H3O7	-3.0
HC01435	C16H25N4O10P2S	1.0
HC01440	C6H10O6	0.0
HC01441	C12H21O14P	-2.0
HC01444	C9H18O8	0.0
HC01446	C12H20O11	0.0
HC01459	C48H76N7O21P3S	-4.0
HC01496	C6H9NO5	0.0
HC01501	HO3S2	-1.0
HC01522	C7H6O3	0.0
HC01577	C9H13N3O5	0.0
HC01609	C40H36N4O16	-8.0
HC01651	C10H18N5O15P3	0.0
HC01652	C9H18N5O14P3	0.0
HC01668	C13H17N5O8P	-1.0
HC01672	C12H15N5O8P	-1.0
HC01700	C8H13N3O3	0.0
HC01710	C9H18N5O14P3	0.0
HC01712	C13H23NO4S2	0.0
HC01787	C12H17NaO10	0.0
HC01797	CH3*	0.0
HC01842	C4H11NO4P	-1.0
HC02020	C43H76O2	0.0
HC02021	C43H74O2	0.0
HC02022	C45H80O2	0.0
HC02023	C45H78O2	0.0
HC02024	C45H76O2	0.0
HC02025	C45H74O2	0.0
HC02027	C47H76O2	0.0
HC02042	C4H6O7P*	-2.0
HC02050	C5H7O8P*	0.0
HC02051	C5H7O8P*	0.0
HC02054	C5H7O8P*	0.0
HC02056	C5H6O5*	0.0
HC02057	C5H6O5*	0.0
HC02060	C5H6O5*	0.0
HC02070	CHO2*	0.0
HC02076	C4H7O4*	0.0
HC02110	C28H46O	0.0
HC02121	C11H18N3O7S	-1.0
HC02160	C50H85N3O26*	-1.0
HC02161	C56H95N3O31*	-1.0
HC02172	Zn	2.0
HC02180	C20H33O6	-1.0
HC02187	C15H12I3NO4	0.0
HC02191	C24H39O3	-1.0
HC02192	C26H44NO5S	-1.0
HC02193	C26H42NO4	-1.0
HC02194	C24H39O4	-1.0
HC02195	C26H45NO6S	0.0
HC02196	C26H43NO5	0.0
HC02197	C26H41NO7S	-2.0
HC02198	C26H43NO8S2	-2.0
HC02200	C16H18N5O10S	-1.0
HC02201	C23H27Cl2N3O9S	0.0
HC02202	C20H31O4	-1.0
HC02203	C20H29O4	-1.0
HC02204	C20H31O4	-1.0
HC02205	C20H29O4	-1.0
HC02206	C20H31O4	-1.0
HC02207	C20H29O4	-1.0
HC02208	C20H33O5	-1.0
HC02210	C20H29O5	-1.0
HC02213	C20H29O5	-1.0
HC02214	C20H36O5	0.0
HC02216	C20H33O5	-1.0
HC02217	C20H31O6	-1.0
HC02220	C24H40O7S	0.0
HC02228	C16H30O	0.0
HC10856	C39H62N7O17P3S	-4.0
HC10857	C39H64N7O18P3S	-4.0
HC10858	C39H62N7O18P3S	-4.0
HC10859	C10H17NO6	0.0
L2aadp	C6H10NO4	-1.0
L2aadp6sa	C6H11NO3	0.0
L_alagly	C5H10N2O3	0.0
L_dpchrm	C9H6NO4	-1.0
LalaDglu	C8H13N2O5	-1.0
LalaDgluMdap	C15H25N4O8	-1.0
LalaDgluMdapDala	C18H30N5O9	-1.0
LalaLglu	C8H13N2O5	-1.0
Larab	C15H24O12*	0.0
Largn	C10H12NO5	-1.0
Lcyst	C3H6NO5S	-1.0
Lfmkynr	C11H12N2O4	0.0
Lglyald	C3H6O3	0.0
Lhcystin	C8H16N2O4S2	0.0
Lkynr	C10H12N2O3	0.0
Lpipecol	C6H11NO2	0.0
M00003	C17H32O2	0.0
M00004	C38H62N7O17P3S	-4.0
M00006	C43H72N7O17P3S	-4.0
M00008	C20H35O2	-1.0
M00010	C20H33O2	-1.0
M00011	C27H47NO4	0.0
M00012	C41H64N7O17P3S	-4.0
M00017	C20H38O2	0.0
M00018	C41H72N7O17P3S	0.0
M00019	C18H34O2	0.0
M00020	C39H64N7O17P3S	-4.0
M00021	C22H40O2	0.0
M00022	C29H53NO4	0.0
M00023	C43H74N7O17P3S	0.0
M00044	C42H70N7O17P3S	-4.0
M00046	C38H62N7O17P3S	-4.0
M00048	C28H42N7O17P3S	-4.0
M00049	C47H80N7O17P3S	-4.0
M00054	C40H70N7O17P3S	0.0
M00056	C30H46N7O17P3S	-4.0
M00061	C36H58N7O17P3S	-4.0
M00063	C26H38N7O17P3S	-4.0
M00067	C44H74N7O17P3S	-4.0
M00069	C34H54N7O17P3S	-4.0
M00071	C32H50N7O17P3S	-4.0
M00100	C27H47NO4	0.0
M00101	C41H68N7O17P3S	0.0
M00115	C18H34O2	0.0
M00116	C39H64N7O17P3S	-4.0
M00117	C14H26O2	0.0
M00122	C27H49NO4	0.0
M00123	C41H70N7O17P3S	0.0
M00127	C39H64N7O17P3S	-4.0
M00129	C35H56N7O17P3S	-4.0
M00170	C39H64N7O18P3S	-4.0
M00172	C37H64N7O18P3S	0.0
M00213	C8H15N3O2*	0.0
M00234	C5H6O5*	0.0
M00241	C5H6O5*	0.0
M00245	C6H10O3S	0.0
M00260	C22H36O2	0.0
M00261	C29H49NO4	0.0
M00263	C29H51NO4	0.0
M00265	C22H37O2	-1.0
M00285	C21H30O3	0.0
M00315	C24H40O2	0.0
M00341	C22H38O2	0.0
M00342	C29H51NO4	0.0
M00343	C43H68N7O17P3S	-4.0
M00406	C21H32O4	0.0
M00429	C21H30O5	0.0
M00503	C4H7O4*	0.0
M00510	C4H7O4*	0.0
M00579	C27H46O3	0.0
M00603	C21H30O4	0.0
M00605	C21H32O3	0.0
M00606	C27H46O2	0.0
M00615	C48H80N7O21P3S	0.0
M00625	C27H46O2	0.0
M00658	C57H88O3	0.0
M00673	C8H9NO	0.0
M00699	C43H72N7O18P3S	-4.0
M00702	C41H68N7O18P3S	-4.0
M00707	C41H68N7O18P3S	-4.0
M00712	C43H68N7O18P3S	-4.0
M00715	C47H84N7O18P3S	0.0
M00742	C28H47O5	-1.0
M00743	C48H80N7O20P3S	0.0
M00746	C27H46O5	0.0
M00753	C27H46O4	0.0
M00770	C58H90O4	0.0
M00778	C42H76N7O18P3S	0.0
M00780	C38H64N7O18P3S	-4.0
M00782	C28H44N7O18P3S	-4.0
M00783	C47H82N7O18P3S	-4.0
M00790	C40H72N7O18P3S	0.0
M00792	C30H48N7O18P3S	-4.0
M00795	C36H60N7O18P3S	-4.0
M00797	C26H40N7O18P3S	-4.0
M00804	C34H56N7O18P3S	-4.0
M00806	C32H52N7O18P3S	-4.0
M00839	C43H70N7O18P3S	-4.0
M00841	C39H62N7O18P3S	-4.0
M00843	C41H66N7O18P3S	-4.0
M00849	C37H58N7O18P3S	-4.0
M00852	C41H66N7O18P3S	-4.0
M00860	C43H74N7O18P3S	-4.0
M00862	C43H66N7O18P3S	-4.0
M00873	C42H74N7O18P3S	0.0
M00875	C38H62N7O18P3S	-4.0
M00877	C28H42N7O18P3S	-4.0
M00879	C47H80N7O18P3S	-4.0
M00885	C35H58N7O18P3S	0.0
M00887	C40H70N7O18P3S	0.0
M00889	C30H46N7O18P3S	-4.0
M00897	C36H58N7O18P3S	-4.0
M00899	C26H38N7O18P3S	-4.0
M00907	C44H74N7O18P3S	-4.0
M00909	C34H54N7O18P3S	-4.0
M00911	C32H50N7O18P3S	-4.0
M00937	C30H48O2	0.0
M00938	C30H50O2	0.0
M00939	C30H50O2	0.0
M00940	C30H52O2	0.0
M00942	C29H48O	0.0
M00960	C28H46O2	0.0
M00964	C28H48O2	0.0
M00976	C27H44O4	0.0
M00977	C27H44O4	0.0
M00978	C27H44O3	0.0
M00979	C27H44O3	0.0
M01067	C27H42O	0.0
M01068	C27H44O	0.0
M01075	C19H26O2	0.0
M01076	C27H48O5	0.0
M01077	C27H48O4	0.0
M01079	C27H48O4	0.0
M01080	C27H48O3	0.0
M01081	C27H46O4	0.0
M01082	C27H46O4	0.0
M01083	C27H46O3	0.0
M01084	C27H46O3	0.0
M01141	C35H56N7O17P3S	-4.0
M01165	C58H90O3	0.0
M01191	C37H60N7O17P3S	-4.0
M01197	C16H30O2	0.0
M01207	C20H36O2	0.0
M01235	C20H38O2	0.0
M01236	C41H68N7O17P3S	-4.0
M01237	C38H62N7O17P3S	-4.0
M01238	C17H32O2	0.0
M01389	C6H11O9P	-2.0
M01454	C44H76O2	0.0
M01456	C47H80O2	0.0
M01458	C47H82O2	0.0
M01461	C49H84O2	0.0
M01462	C49H86O2	0.0
M01465	C51H90O2	0.0
M01466	C49H76O2	0.0
M01468	C47H74O2	0.0
M01475	C49H78O2	0.0
M01476	C49H80O2	0.0
M01487	C41H70O2	0.0
M01490	C47H78O2	0.0
M01491	C49H88O2	0.0
M01492	C47H84O2	0.0
M01495	C44H78O2	0.0
M01498	C39H68O2	0.0
M01501	C41H72O2	0.0
M01502	C46H82O2	0.0
M01506	C42H74O2	0.0
M01573	C35H56N7O18P3S	-4.0
M01582	C22H42O2	0.0
M01724	C29H57NO4	0.0
M01726	C29H55NO4	0.0
M01727	C29H55NO4	0.0
M01729	C19H37NO4	0.0
M01770	C27H49NO4	0.0
M01775	C27H51NO4	0.0
M01776	C27H51NO4	0.0
M01777	C27H51NO4	0.0
M01820	CHO2*	0.0
M01966	C6H10O12P2	-4.0
M01989	C26H43NO5	0.0
M02035	CH6N3	1.0
M02051	C28H55NO4	0.0
M02052	C42H72N7O17P3S	-4.0
M02053	C21H42O2	0.0
M02102	C24H45NO4	0.0
M02103	C24H45NO4	0.0
M02107	C28H44N7O17P3S	-4.0
M02108	C7H13O2	-1.0
M02112	C47H80N7O17P3S	-4.0
M02155	C24H40O4	0.0
M02195	C51H89N2O27*	0.0
M02197	C53H92N3O28*	0.0
M02447	C36H62O31	0.0
M02451	C24H42O21	0.0
M02457	C20H34O2	0.0
M02467	C4H11N5	0.0
M02611	C26H51NO4	0.0
M02612	C40H68N7O17P3S	-4.0
M02613	C19H37O2	-1.0
M02616	C30H52N7O17P3S	0.0
M02637	C25H43NO4	0.0
M02638	C25H47NO4	0.0
M02683	C45H79N2O23*	0.0
M02686	C8H14NO8P*	0.0
M02694	C26H40N7O17P3S	-4.0
M02745	C14H26O2	0.0
M02758	C9H16NO8P*	0.0
M02760	C21H30O2	0.0
M02761	C21H30O3	0.0
M02837	C36H58O3	0.0
M02956	C6H5O6*	0.0
M02973	C21H41NO4	0.0
M02976	C21H39NO4	0.0
M02977	C27H46O6	0.0
M03005	C41H62N7O17P3S	-4.0
M03006	C43H66N7O17P3S	-4.0
M03008	C43H68N7O17P3S	-4.0
M03011	C43H70N7O17P3S	-4.0
M03014	C41H66N7O17P3S	-4.0
M03016	C47H82N7O17P3S	0.0
M03018	C41H66N7O17P3S	-4.0
M03019	C37H58N7O17P3S	-4.0
M03022	C35H58N7O17P3S	0.0
M03024	C39H62N7O17P3S	-4.0
M03045	C23H45O2	-1.0
M03047	C44H76N7O17P3S	-4.0
M03050	C34H60N7O17P3S	0.0
M03051	C13H26O2	0.0
M03116	C32H56N7O17P3S	0.0
M03117	C11H21O2	-1.0
M03134	C5H9O2	-1.0
M03153	C26H49O2	-1.0
M03167	C6H14N2O6P	-1.0
M03168	C24H34N7O18P3S	-4.0
N1aspmd	C9H23N3O	2.0
N1sprm	C12H31N4O	3.0
Nacasp	C6H7NO5	-2.0
Nacsertn	C12H14N2O2	0.0
Ncbmpts	C5H14N3O	1.0
Ndmelys	C9H17N3O2*	0.0
Nforglu	C6H7NO5	-2.0
Nfortyr	C10H11NO4	0.0
Nmelys	C8H15N3O2*	0.0
Nmtrp	C12H14N2O2	0.0
Ntmelys	C10H20N3O2*	1.0
PIM2	C56H105O23P	0.0
PIM6	C81H147O43P	0.0
Pald	C2H4O4P	-1.0
R1coa_hs	C22H31N7O17P3S*	-4.0
R2coa_hs	C22H31N7O17P3S*	-4.0
R_3hddcoa	C33H54N7O18P3S	-4.0
R_3hmrscoa	C35H58N7O18P3S	-4.0
Rh2cit	C8H9O7	-3.0
Rh3cit	C9H11O7	-3.0
Rtotal	CO2*	-1.0
Rtotal2	CO2*	-1.0
Rtotal2coa	C22H31N7O17P3S*	-4.0
Rtotal2crn	C8H14NO4*	0.0
Rtotal3coa	C22H31N7O17P3S*	-4.0
Rtotal3crn	C8H14NO4*	0.0
Rtotalcoa	C22H31N7O17P3S*	-4.0
Rtotalcrn	C8H14NO4*	0.0
Ser_Gly_Ala_X_Gly	C4H6N2O3*	0.0
Sfglutth	C11H16N3O7S	-1.0
Shcit	C7H10O7	0.0
Sptmyn	C14H24N2O7	0.0
Ssq23epx	C30H50O	0.0
Stmyn	C21H42N7O12	3.0
T4hcinnm	C9H7O3	-1.0
T_antigen	C14H24NO10*	0.0
Tn_antigen	C8H14NO6*	0.0
Tyr_ggn	C10H10N2O3*	0.0
a4imz	C3H5N3	0.0
aa	C3H5NO	0.0
aacald	C2H6NO	1.0
aacoa	C25H36N7O18P3S	-4.0
aact	C3H8NO	1.0
abt	C5H12O5	0.0
abt__D	C5H12O5	0.0
ac	C2H3O2	-1.0
acACP	C2H3OS*	0.0
acac	C4H5O3	-1.0
acald	C2H4O	0.0
acamoxm	C9H11NO6	-2.0
acanth	C9H8NO3	-1.0
accoa	C23H34N7O17P3S	-4.0
acetol	C3H6O2	0.0
acetone	C3H6O	0.0
acg5p	C7H9NO8P	-3.0
acg5sa	C7H10NO4	-1.0
acgal	C8H15NO6	0.0
acgal1p	C8H14NO9P	-2.0
acgal6p	C8H14NO9P	-2.0
acgalfuc12gal14acglcgalgluside_hs	C59H102N3O32*	0.0
acgalfucgalacgalfuc12gal14acglcgalgluside_hs	C79H135N4O46*	0.0
acgalfucgalacglcgal14acglcgalgluside_hs	C73H125N4O42*	0.0
acgalfucgalacglcgalgluside_cho	C59H102N3O32*	0.0
acgalfucgalacglcgalgluside_hs	C59H102N3O32*	0.0
acgam	C8H15NO6	0.0
acgam1p	C8H16NO9P	0.0
acgam6p	C8H14NO9P	-2.0
acgbgbside_hs	C16H17N2O4S	-1.0
acglc__D	C8H14O7	0.0
acglcgal14acglcgalgluside_cho	C52H92N2O28	0.0
acglcgal14acglcgalgluside_hs	C51H89N2O28*	0.0
acglcgalacglcgal14acglcgalgluside_hs	C67H115N4O38*	0.0
acglcgalgluside_hs	C39H69N2O18*	0.0
acglu	C7H9NO5	-2.0
acgly	C4H7NO3	0.0
acgpail_hs	C19H30NO18P*	0.0
ach	C7H16NO2	1.0
aclys	C8H16N2O3	0.0
acmalt	C14H24O12	0.0
acmama	C14H23N2O9	-1.0
acmana	C8H15NO6	0.0
acmanap	C8H16NO9P	0.0
acmp	C8H9NO2	0.0
acmpglu	C14H17NO8	0.0
acmpglut	C19H26N4O7S	0.0
acmum	C11H18NO8	-1.0
acmum6p	C11H18NO11P	-2.0
acnam	C11H18NO9	-1.0
acnamp	C11H20NO12P	0.0
acngal14acglcgalgluside_hs	C56H95N3O31*	-1.0
acngalacglcgal14acglcgalgluside_hs	C71H122N4O41	0.0
acolipa	C181H317N3O103P4	-6.0
acon_C	C6H3O6	-3.0
acon_T	C6H3O6	-3.0
aconm	C7H6O6	-2.0
acorn	C7H14N2O3	0.0
acrn	C9H17NO4	0.0
acryl	C3H3O2	-1.0
acser	C5H9NO4	0.0
actACP	C4H5O2S*	0.0
actn__R	C4H8O2	0.0
actp	C2H3O5P	-2.0
actyr	C11H13NO4	0.0
acybut	C5H8N2O2	0.0
ad	C2H5NO	0.0
adcobhex	C55H76CoN15O11	0.0
ade	C5H5N5	0.0
adfdRD	Fe2S2*	1.0
adhap_hs	C4H4O7P*	-2.0
adn	C10H13N5O4	0.0
adocbi	C58H84CoN16O11	1.0
adocbip	C58H83CoN16O14P	-1.0
adocbl	C72H100CoN18O17P	0.0
adp	C10H12N5O10P2	-3.0
adpac	C6H8O4	-2.0
adpcoa	C27H39N7O19P3S	-5.0
adpglc	C16H23N5O15P2	-2.0
adphep_DD	C17H25N5O16P2	-2.0
adphep_LD	C17H25N5O16P2	-2.0
adpman	C16H25N5O15P2	0.0
adpoh	C6H8O5	-2.0
adprbp	C15H20N5O17P3	-4.0
adprib	C15H21N5O14P2	-2.0
adrn	C22H35O2	-1.0
adrncoa	C43H66N7O17P3S	-4.0
adrncrn	C29H49NO4	0.0
adrnl	C9H14NO3	1.0
adsel	C10H14N5O10PSe	0.0
aflatoxin	C17H12O6	0.0
aflburppa	C4H7FN2O3	0.0
ag	Ag	1.0
agdpcbi	C68H95CoN21O21P2	-1.0
agm	C5H16N4	2.0
ahandrostan	C19H30O2	0.0
ahandrostanglc	C25H38O8	0.0
ahcys	C14H20N6O5S	0.0
ahdt	C9H12N5O13P3	-4.0
aicar	C9H13N4O8P	-2.0
air	C8H14N3O7P	0.0
ak2g_hs	C4H6O4*	0.0
ak2gchol_hs	C9H18NO7P*	0.0
ak2gp_cho	C5H7O7P*	-2.0
ak2gp_hs	C4H5O7P*	-2.0
ak2gpe_hs	C6H12NO7P*	0.0
ak2lgchol_hs	C8H19NO6P*	0.0
akg	C5H4O5	-2.0
akgp_hs	C3H4O6P*	-2.0
ala_B	C3H7NO2	0.0
ala_L_asp__L	C7H11N2O5	-1.0
ala_L_gln__L	C8H15N3O4	0.0
ala_L_met__L	C8H16N2O3S	0.0
ala_L_tyr__L	C12H16N2O4	0.0
ala__D	C3H7NO2	0.0
ala__L	C3H7NO2	0.0
alaala	C6H12N2O3	0.0
alaargcys	C12H25N6O4S	1.0
alaarggly	C11H23N6O4	1.0
alaasnleu	C13H24N4O5	0.0
alac__S	C5H7O4	-1.0
alaglylys	C11H22N4O4	0.0
alahisala	C12H19N5O4	0.0
alalysthr	C13H27N4O5	1.0
alatrna	C13H18N6O4*	1.0
aldstrn	C21H28O5	0.0
all6p	C6H11O9P	-2.0
all__D	C6H12O6	0.0
allop	C5H4N4O	0.0
allphn	C2H3N2O3	-1.0
alltn	C4H6N4O3	0.0
alltt	C4H7N4O4	-1.0
allul6p	C6H11O9P	-2.0
alpa_hs	C21H41O7P	0.0
alpam	C9H20N2OS2	0.0
alpp	C3H5NOS*	0.0
alpro	C9H19N2OS2*	0.0
altrn	C6H11O7	-1.0
am19cs	C62H111N11O14	0.0
am1a4ncs	C61H107N11O14	0.0
am1accs	C62H109N11O14	0.0
am1acs	C62H109N11O14	0.0
am1alcs	C62H109N11O13	0.0
am1c4n9cs	C61H109N11O14	0.0
am1c9cs	C62H111N11O14	0.0
am1ccs	C62H111N11O13	0.0
am1cglc	C68H119N11O19	0.0
am1csa	C62H111N11O13	0.0
am4n9cs	C61H109N11O13	0.0
am4ncs	C61H109N11O12	0.0
am6sa	C6H7NO3	0.0
am9csa	C62H111N11O13	0.0
amacald	C2H6NO	1.0
amet	C15H23N6O5S	1.0
ametam	C14H23N6O3S	1.0
amob	C15H19N5O6S	-1.0
amp	C10H12N5O7P	-2.0
amuco	C6H6NO4	-1.0
and19one	C19H26O3	0.0
andrstandn	C19H28O2	0.0
andrstndn	C19H26O2	0.0
andrstrn	C19H30O2	0.0
andrstrnglc	C25H38O8	0.0
anhgm	C19H29N2O12	-1.0
anhgm3p	C34H54N6O19	0.0
anhgm4p	C37H57N7O20	-2.0
anhm	C11H16NO7	-1.0
anhm3p	C26H39N5O14	-2.0
anhm4p	C29H44N6O15	-2.0
ans	C10H16N4O3	0.0
anth	C7H6NO2	-1.0
antipyrene	C11H12N2O	0.0
anxan	C40H56O3	0.0
ap4a	C20H24N10O19P4	-4.0
ap5a	C20H24N10O22P5	-5.0
apc	C16H19N3O4S	0.0
apg120	C42H80O11P	-1.0
apg140	C48H92O11P	-1.0
apg141	C48H86O11P	-1.0
apg160	C54H104O11P	-1.0
apg161	C54H98O11P	-1.0
apg180	C60H116O11P	-1.0
apg181	C60H110O11P	-1.0
apnnox	C10H16O	0.0
apoACP	C3H6NO2*	1.0
apoC	CHNO*	0.0
apoC_Lys	C7H13N3O2*	0.0
apoC_Lys_btn	C17H27N5O4S*	0.0
apocytc	C8H12N4O4S2*	0.0
appl	C3H9NO	0.0
applp	C3H9NO4P	-1.0
appnn	C10H16	0.0
apppa	C20H24N10O16P3	-3.0
aprgstrn	C21H32O2	0.0
aprop	C3H6N2	0.0
aprut	C6H15N2O	1.0
aps	C10H12N5O10PS	-2.0
aqcobal	C62H90CoN13O15P	1.0
ara5p	C5H9O8P	-2.0
arab__D	C5H10O5	0.0
arab__L	C5H10O5	0.0
arach	C20H39O2	-1.0
arachcoa	C41H70N7O17P3S	-4.0
arachcrn	C27H53NO4	0.0
arachd	C20H31O2	-1.0
arachdcoa	C41H62N7O17P3S	-4.0
arachdcrn	C27H45NO4	0.0
aracheth	C22H38NO2	1.0
aragund	C71H115NO17P2	-2.0
arbt6p	C12H15O10P	-2.0
arbtn	C22H33N4O13	-3.0
arbtn_fe3	C22H33N4O13	-3.0
arg__D	C6H15N4O2	1.0
arg__L	C6H15N4O2	1.0
argalaala	C12H24N6O4	0.0
argalaphe	C18H29N6O4	1.0
argalathr	C13H27N6O5	1.0
argarg	C12H28N8O3	2.0
argarglys	C18H41N10O4	3.0
argargmet	C17H37N9O4S	2.0
argcysgly	C11H23N6O4S	1.0
argcysser	C12H25N6O5S	1.0
arggluglu	C16H27N6O8	-1.0
argglupro	C16H28N6O6	0.0
argglygly	C10H21N6O4	1.0
arghisthr	C16H28N8O5	0.0
argleuphe	C21H35N6O4	1.0
arglysasp	C16H32N7O6	1.0
argp	C6H14N4O5P	-1.0
argphearg	C21H37N9O4	2.0
argpromet	C16H31N6O4S	1.0
argprothr	C15H29N6O5	1.0
argserser	C12H25N6O6	1.0
argsuc	C10H18N4O6	0.0
argtrna	C16H26N9O4*	2.0
argtyrval	C20H33N6O5	1.0
argvalcys	C14H29N6O4S	1.0
argvaltrp	C22H34N7O4	1.0
ascb6p	C6H7O9P	-2.0
ascb__L	C6H7O6	-1.0
asn__L	C4H8N2O3	0.0
asnasnarg	C14H27N8O6	1.0
asncyscys	C10H18N4O5S2	0.0
asnmetpro	C14H24N4O5S	0.0
asnpheasp	C17H21N4O7	-1.0
asnphecys	C16H22N4O5S	0.0
asntrna	C14H19N7O5*	1.0
asntyrgly	C15H20N4O6	0.0
asntyrphe	C22H26N4O6	0.0
asntyrthr	C17H24N4O7	0.0
aso3	H3AsO3	0.0
aso4	HAsO4	-2.0
asp__D	C4H6NO4	-1.0
asp__L	C4H6NO4	-1.0
aspalaarg	C13H24N6O6	0.0
aspasnglu	C13H18N4O9	-2.0
aspglu	C9H12N2O7	-2.0
aspglupro	C14H19N3O8	-2.0
aspglutrp	C20H22N4O8	-2.0
asphiscys	C13H18N5O6S	-1.0
asphispro	C15H20N5O6	-1.0
asplysglu	C15H25N4O8	-1.0
asplyshis	C16H26N6O6	0.0
aspmetasp	C13H19N3O8S	-2.0
aspprolys	C15H26N4O6	0.0
aspsa	C4H7NO3	0.0
asptrna	C14H17N6O6*	0.0
aspvalasn	C13H21N4O7	-1.0
athr__L	C4H9NO3	0.0
atp	C10H12N5O13P3	-4.0
atrz	C8H14ClN5	0.0
atvacid	C33H35FN2O5	0.0
atvacylgluc	C39H43FN2O11	0.0
atvethgluc	C45H51FN2O17	0.0
atvlac	C33H33FN2O4	0.0
atvlacgluc	C39H41FN2O10	0.0
avite1	C29H50O2	0.0
avite2	C29H44O2	0.0
b124tc	C7H5O6	-3.0
b2coa	C25H36N7O17P3S	-4.0
bamppald	C3H8NO	1.0
bbtcoa	C28H47N8O17P3S	-3.0
bdg2hc	C15H17O8	-1.0
betald	C5H12NO	1.0
bgly	C9H8NO3	-1.0
bglycogen	C24H42O21	0.0
bhb	C4H7O3	-1.0
bildglcur	C45H52N4O18	0.0
bilea	C24H40O5	0.0
bilglcur	C39H44N4O12	0.0
bilirub	C33H34N4O6	-2.0
biliverd	C33H32N4O6	-2.0
biocyt	C16H28N4O4S	0.0
bmn	C10H12N2O2	0.0
bmoco	C20H20MoN10O13P2S4	-4.0
brasstrl	C28H46O	0.0
btal	C4H8O	0.0
btamp	C20H27N7O9PS	-1.0
btcoa	C25H38N7O17P3S	-4.0
btd_RR	C4H10O2	0.0
btn	C10H15N2O3S	-1.0
btnCCP	C17H27N5O4S*	0.0
btnso	C10H15N2O4S	-1.0
btoh	C4H10O	0.0
but	C4H7O2	-1.0
but2eACP	C388H607O143N96P1S3	0.0
butACP	C15H27N2O8PS*	-1.0
butpi	C4H7O5P	-2.0
butso3	C4H9O3S	-1.0
bvite	C28H48O2	0.0
bz	C7H5O2	-1.0
bzal	C7H6O	0.0
bzalc	C7H8O	0.0
bzcoa	C28H36N7O17P3S	-4.0
c101crn	C17H31NO4	0.0
c10crn	C17H33NO4	0.0
c10dc	C17H31NO6	0.0
c12dc	C19H34NO6	-1.0
c12dccoa	C33H51N7O19P3S	-5.0
c14dccoa	C35H55N7O19P3S	-5.0
c16dc	C23H43NO6	0.0
c226coa	C43H62N7O17P3S	-4.0
c226crn	C29H45NO4	0.0
c2m26dcoa	C31H50N7O17P3S	0.0
c3dc	C10H17NO6	0.0
c4crn	C11H21NO4	0.0
c4dc	C11H19NO6	0.0
c51crn	C12H21NO4	0.0
c5dc	C12H21NO6	0.0
c6crn	C13H25NO4	0.0
c6dc	C13H23NO6	0.0
c81coa	C29H44N7O17P3S	-4.0
c81crn	C15H27NO4	0.0
c8crn	C15H29NO4	0.0
c8dc	C15H26NO6	-1.0
ca2	Ca	2.0
caffcoa	C30H38N7O19P3S	-4.0
cala	C4H7N2O3	-1.0
camp	C10H11N5O6P	-1.0
caphis	C10H16N4O4	0.0
caproic	C6H11O2	-1.0
caribup_s	C13H16O4	0.0
carn	C9H14N4O3	0.0
caro	C40H56	0.0
carveol	C10H16O	0.0
cbasp	C5H6N2O5	-2.0
cbi	C48H72CoN11O8	0.0
cbl1	C62H88CoN13O14P	-1.0
cbl2	C62H88CoN13O14P	0.0
cbm	CH2NO2	-1.0
cbp	CH2NO5P	-2.0
cca_d3	C22H33O4	-1.0
cd2	Cd	2.0
cddec5eACP	C23H41N2O8PS*	-1.0
cdec3eACP	C394H619O143N96P1S3	-1.0
cdg	C7H5N4O3	-1.0
cdhxfut	C14H13O7	-1.0
cdp	C9H12N3O11P2	-3.0
cdp4dh6doglc	C15H21N3O15P2	-2.0
cdp_inost	C15H23N3O16P2	-2.0
cdpchol	C14H25N4O11P2	-1.0
cdpdag_hs	C14H17N3O15P2*	-2.0
cdpdddecg	C36H63N3O15P2	-2.0
cdpdhdec9eg	C44H75N3O15P2	-2.0
cdpdhdecg	C44H79N3O15P2	-2.0
cdpdodec11eg	C48H83N3O15P2	-2.0
cdpdodecg	C48H87N3O15P2	-2.0
cdpdtdec7eg	C40H67N3O15P2	-2.0
cdpdtdecg	C40H71N3O15P2	-2.0
cdpea	C11H19N4O11P2	-1.0
cdpg	C3H3O9P2	-3.0
cdpglyc	C12H19N3O13P2	-2.0
cechddd	C9H11O4	-1.0
cellb	C12H22O11	0.0
cenchddd	C9H9O4	-1.0
cgly	C5H10N2O3S	0.0
ch15deccoa	C28H38N7O17P3S	-4.0
ch4s	CH4S	0.0
chito2pdol_U	C41H70N2O17P2	-2.0
chlstol	C27H44O	0.0
chol	C5H14NO	1.0
cholate	C24H39O5	-1.0
cholcoa	C45H70N7O20P3S	-4.0
cholcoads	C48H78N7O20P3S	0.0
cholcoaone	C48H74N7O21P3S	-4.0
cholcoar	C48H76N7O20P3S	-4.0
cholcoas	C48H76N7O20P3S	-4.0
cholp	C5H13NO4P	-1.0
chols	C5H13NO4S	0.0
chor	C10H8O6	-2.0
chsterol	C27H46O	0.0
chsterols	C27H45O4S	-1.0
chtbs6p	C16H27N2O14P	-2.0
chtn	C24H41N3O16	0.0
cigam	C15H29N2O11S	1.0
cinnm	C9H7O2	-1.0
cit	C6H5O7	-3.0
citalald	C18H14FNO2	0.0
citalo	C20H21FN2O2	0.0
citalppa	C18H14FNO3	0.0
citr__L	C6H13N3O3	0.0
ckdo	C17H24N3O15P	-2.0
cl	Cl	-1.0
clpn120	C57H108O17P2	-2.0
clpn140	C65H124O17P2	-2.0
clpn141	C65H116O17P2	-2.0
clpn160	C73H140O17P2	-2.0
clpn161	C73H132O17P2	-2.0
clpn180	C81H156O17P2	-2.0
clpn181	C81H148O17P2	-2.0
clpn_hs	C13H18O17P2*	0.0
clpnd	C22H33O2	-1.0
clpndcoa	C43H64N7O17P3S	-4.0
clpndcrn	C29H47NO4	0.0
cm	C11H12Cl2N2O5	0.0
cm3ac	C13H14Cl2N2O6	0.0
cmp	C9H12N3O8P	-2.0
cmp2amep	C11H20N4O10P2	0.0
cmpacna	C20H29N4O16P	-2.0
cmpntm2amep	C14H27N4O10P2	1.0
cmusa	C7H6NO5	-1.0
co	CO	0.0
co2	CO2	0.0
coa	C21H32N7O16P3S	-4.0
cob	C11H19NO7PS	-3.0
cobalt2	Co	2.0
codscl5a	C45H45CoN4O16	-7.0
codscl7	C44H50CoN4O14	-6.0
coke	C17H22NO4	1.0
colipa	C176H303N2O100P4	-11.0
com	C2H5O3S2	-1.0
confrl	C10H12O3	0.0
conialdh	C10H10O3	0.0
core2	C22H37N2O15*	0.0
core3	C16H27N2O10*	0.0
core4	C24H40N3O15*	0.0
core6	C19H30N3O12*	0.0
cortsn	C21H28O5	0.0
coucoa	C30H38N7O18P3S	-4.0
coumarin	C9H6O2	0.0
cpe160	C39H73NO8P	-1.0
cpe180	C43H81NO8P	-1.0
cpg160	C40H74O10P	-1.0
cpg180	C44H82O10P	-1.0
cpgn	C35H56FeN6O13	2.0
cpgn_un	C35H56N6O13	0.0
cph4	C7H8N5O3	-1.0
cpmp	C10H11N5O7P	-1.0
cpppg1	C36H40N4O8	-4.0
cpppg3	C36H40N4O8	-4.0
creat	C4H9N3O2	0.0
crglz	C15H19N3O5S	0.0
crm_hs	C19H36NO3*	0.0
crmp_hs	C19H35NO6P*	-2.0
crn	C7H15NO3	0.0
crnDcoa	C28H46N8O18P3S	-3.0
crn__D	C7H15NO3	0.0
crncoa	C28H47N8O18P3S	-3.0
crtn	C4H7N3O	0.0
crtsl	C21H30O5	0.0
crtstrn	C21H30O4	0.0
crvnc	C22H31O2	-1.0
crvs	C25H31FNNaO5	0.0
crvsm1	C24H29FNNaO5	0.0
crvsm22	C25H29FNNaO4	0.0
crvsm23	C25H31FNNaO6	0.0
crvsm24	C24H29FNNaO6	0.0
crvsm31	C26H31FNNaO5	0.0
csa	C62H111N11O12	0.0
csasulp	C62H111N11O15S	0.0
csn	C4H5N3O	0.0
ctbt	C7H13NO2	-1.0
ctbtcoa	C28H45N8O17P3S	-2.0
ctdecdcoa	C31H46N7O17P3S	-4.0
ctp	C9H12N3O14P3	-4.0
cu	Cu	1.0
cu2	Cu	2.0
cvm1gluc	C30H37FNNaO11	0.0
cvm23gluc	C31H39FNNaO12	0.0
cyan	CHN	0.0
cyart	C30H50O	0.0
cyeuol	C30H50O	0.0
cynt	CNO	-1.0
cys__D	C3H7NO2S	0.0
cys__L	C3H7NO2S	0.0
cysacmp	C11H14N2O4S	0.0
cysam	C2H8NS	1.0
cysasnmet	C12H22N4O5S2	0.0
cysaspphe	C16H20N3O6S	-1.0
cyscys	C6H12N2O3S2	0.0
cysglnmet	C13H24N4O5S2	0.0
cysgluhis	C14H20N5O6S	-1.0
cysglutrp	C19H23N4O6S	-1.0
cysi__L	C6H12N2O4S2	0.0
cysleuthr	C13H25N3O5S	0.0
cyssermet	C11H21N3O5S2	0.0
cyst__L	C7H14N2O4S	0.0
cystrna	C13H17N6O4S*	0.0
cystyrasn	C16H22N4O6S	0.0
cytd	C9H13N3O5	0.0
d5kg	C6H9O6	-1.0
dad_2	C10H13N5O3	0.0
dad_5	C10H13N5O3	0.0
dadp	C10H12N5O9P2	-3.0
dag_hs	C47H68O5	0.0
dak2gpe_hs	C8H14NO7P*	0.0
damp	C10H12N5O6P	-2.0
dann	C9H21N2O2	1.0
datp	C10H12N5O12P3	-4.0
db4p	C4H7O6P	-2.0
dc2coa	C31H48N7O17P3S	-4.0
dca	C10H19O2	-1.0
dcacoa	C31H50N7O17P3S	-4.0
dcal	C10H20O	0.0
dcamp	C14H18N5O11P	0.0
dcdp	C9H12N3O10P2	-3.0
dchac	C24H39O4	-1.0
dcholcoa	C45H70N7O19P3S	-4.0
dcmp	C9H12N3O7P	-2.0
dcsptn1	C22H33O2	-1.0
dcsptn1coa	C43H64N7O17P3S	-4.0
dcsptn1crn	C29H47NO4	0.0
dctp	C9H12N3O13P3	-4.0
dcyt	C9H13N3O4	0.0
dd2coa	C33H52N7O17P3S	-4.0
dd3coa	C33H52N7O17P3S	-4.0
dd5ecoa	C33H52N7O17P3S	-4.0
ddca	C12H23O2	-1.0
ddcaACP	C12H23OS*	0.0
ddcacoa	C33H54N7O17P3S	-4.0
ddcal	C12H24O	0.0
ddeccrn	C19H37NO4	0.0
ddece1crn	C19H35NO4	0.0
ddmcital	C18H17FN2O	0.0
ddsmsterol	C27H42O	0.0
debrisoquine	C10H13N3	0.0
dec24dicoa	C31H46N7O17P3S	-4.0
dec47dicoa	C31H46N7O17P3S	-4.0
decd_tb	C50H81O4P	-2.0
decda_tb	C55H90O8P	-1.0
decdicoa	C31H46N7O17P3S	-4.0
decdicrn	C17H29NO4	0.0
decdp	C50H81O7P2	-3.0
decdpr_tb	C55H89O11P2	-3.0
dece3coa	C31H48N7O17P3S	-4.0
dece4coa	C31H48N7O17P3S	-4.0
dectricoa	C31H44N7O17P3S	-4.0
dedoldp_U	C25H44O7P2	0.0
dedolp_U	C25H44O7P2	0.0
degly	C6H13NO2	0.0
deoxfvs	C22H21FNNaO2	0.0
desfvs	C21H19FNNaO4	0.0
dgchol	C26H42NO5	-1.0
dgcholcoa	C45H70N7O19P3S	-4.0
dgdp	C10H12N5O10P2	-3.0
dgmp	C10H12N5O7P	-2.0
dgsn	C10H13N5O4	0.0
dgtp	C10H12N5O13P3	-4.0
dh4mchc	C8H9O4	-1.0
dha	C3H6O3	0.0
dhap	C3H5O6P	-2.0
dhbpt	C9H13N5O3	0.0
dhcholestanate	C27H46O4	0.0
dhcholestancoa	C48H80N7O19P3S	0.0
dhcholoylcoa	C48H78N7O19P3S	0.0
dhcinnm	C9H7O4	-1.0
dhcrm_hs	C19H38NO3*	0.0
dhdascb	C6H6O6	0.0
dhea	C19H28O2	0.0
dheas	C19H27O5S	-1.0
dhf	C19H19N7O6	-2.0
dhgly	C2H3NO2	0.0
dhglz	C15H19N3O3S	0.0
dhlam	C8H17NOS2	0.0
dhlpro	C8H16NOS2*	0.0
dhmptp	C9H12N5O13P3	-4.0
dhmtp	C6H10O3S	0.0
dhna	C11H7O4	-1.0
dhnpt	C9H13N5O4	0.0
dhnpthld	C10H10O2	0.0
dhocholoylcoa	C48H74N7O20P3S	-4.0
dhor__S	C5H5N2O4	-1.0
dhpmp	C9H13N5O7P	-1.0
dhpppn	C9H9O4	-1.0
dhpt	C14H13N6O3	-1.0
dhptd	C5H8O4	0.0
dhpyr	C5H5NO2	0.0
dhretinol	C20H32O	0.0
dhxfut	C14H15O7	-1.0
diact	C4H6O2	0.0
diala__L	C6H12N2O3	0.0
didecaeth	C14H29NO2	0.0
didp	C10H11N4O10P2	-3.0
digalsgalside_hs	C31H56NO16S*	0.0
digalside_hs	C31H56NO13*	0.0
diholineth	C22H39NO2	0.0
dimp	C10H11N4O7P	-2.0
din	C10H12N4O4	0.0
ditp	C10H11N4O13P3	-4.0
djenk	C7H14N2O4S2	0.0
dkfp	C6H9O8P	-2.0
dkmpp	C6H9O6PS	-2.0
dlnlcg	C20H33O2	-1.0
dlnlcgcoa	C41H64N7O17P3S	-4.0
dlnlcgcrn	C27H47NO4	0.0
dma	C2H8N	1.0
dmantipyrine	C10H10N2O	0.0
dmbzid	C9H10N2	0.0
dmcital	C19H19FN2O	0.0
dmgly	C4H9NO2	0.0
dmhptcoa	C30H48N7O17P3S	-4.0
dmhptcrn	C16H31NO4	0.0
dmlz	C13H18N4O6	0.0
dmnoncoa	C32H52N7O17P3S	-4.0
dmnoncrn	C18H35NO4	0.0
dmpp	C5H9O7P2	-3.0
dms	C2H6S	0.0
dmso	C2H6OS	0.0
dmtphllqne	C30H44O2	0.0
dna	C15H25O13P2*	0.0
dna5mtc	C20H32N3O17P3*	0.0
dnad	C21H24N6O15P2	-2.0
doco13ac	C22H41O2	-1.0
doco13ecoa	C43H72N7O17P3S	-4.0
docohepcoa	C43H60N7O17P3S	-4.0
docohexcoa	C43H62N7O17P3S	-4.0
docohxeth	C24H37NO2	0.0
docosac	C22H43O2	-1.0
docosahexcoa	C43H62N7O17P3S	-4.0
docoscoa	C43H74N7O17P3S	-4.0
docosdiac	C22H40O4	-2.0
docteteth	C24H41NO2	0.0
dodecanac	C12H20O4	-2.0
doldp_U	C25H43O7P2	-3.0
dolglcp_U	C31H55O9P	0.0
dolmanp_U	C31H55O9P	0.0
dolp_U	C25H43O4P	-2.0
dopa	C8H12NO2	1.0
dopa3glcur	C14H19NO8	0.0
dopa4glcur	C14H19NO8	0.0
dopa4sf	C8H11NO5S	0.0
dopaqn	C9H9NO4	0.0
dopasf	C8H11NO5S	0.0
doxrbcn	C27H30NO11	1.0
dpcoa	C21H33N7O13P2S	-2.0
dpgpe	C45H94NO6P	0.0
dpgpg	C46H94O8P	-1.0
dpgps	C46H93NO8P	-1.0
drib	C5H10O4	0.0
dsbaox	H*	0.0
dsbard	H*	0.0
dsbcox	H*	0.0
dsbcrd	H*	0.0
dsbdox	H*	0.0
dsbdrd	H*	0.0
dsbgox	H*	0.0
dsbgrd	H*	0.0
dscl	C42H48N4O16	0.0
dsmsterol	C27H44O	0.0
dtbt	C10H18N2O3	0.0
dtdp	C10H13N2O11P2	-3.0
dtdp4aaddg	C18H27N3O15P2	-2.0
dtdp4addg	C16H26N3O14P2	-1.0
dtdp4d6dg	C16H22N2O15P2	-2.0
dtdp4d6dm	C16H24N2O15P2	0.0
dtdpglu	C16H26N2O16P2	0.0
dtdprmn	C16H24N2O15P2	-2.0
dtmp	C10H13N2O8P	-2.0
dtocophe	C27H46O2	0.0
dtpcudcpp	C55H89O7P2	-3.0
dtt	C4H10O2S2	0.0
dttOX	C4H8O2S2	0.0
dttp	C10H13N2O14P3	-4.0
dudp	C9H11N2O11P2	-3.0
dump	C9H11N2O8P	-2.0
duri	C9H12N2O5	0.0
dutp	C9H11N2O14P3	-4.0
dxyl	C5H10O4	0.0
dxyl5p	C5H9O7P	-2.0
e4hglu	C5H8NO5	-1.0
e4p	C4H7O7P	-2.0
eaflatoxin	C17H12O7	0.0
eandrstrn	C19H28O3	0.0
ebastine	C32H39NO2	0.0
ebastineoh	C32H39NO3	0.0
eca2und	C103H162N6O37P2	-4.0
eca3und	C127H198N9O52P2	-5.0
eca4colipa	C272H451N14O160P4	-11.0
eca4und	C151H234N12O67P2	-6.0
ecaro	C40H56	0.0
ecgon	C9H15NO3	0.0
echin	C40H54O	0.0
ecto__L	C6H10N2O2	0.0
egly	C4H9NO2	0.0
egme	C10H18NO3	1.0
ei11ecoa	C41H68N7O17P3S	-4.0
eic21114tr	C20H33O2	-1.0
eicostet	C20H32O2	0.0
eicostetcoa	C41H62N7O17P3S	-4.0
eicostetcrn	C27H45NO4	0.0
eidi1114ac	C20H35O2	-1.0
eig3p	C6H9N2O6P	-2.0
eipencoa	C41H60N7O17P3S	-4.0
eitetcoa	C41H62N7O17P3S	-4.0
elaid	C18H33O2	-1.0
elaidcrn	C25H47NO4	0.0
enlipa	C112H204N3O42P3	-4.0
enter	C30H26N3O15	-1.0
eoaa	C4H2O5	-2.0
epist	C28H46O	0.0
epoxtac	C41H63NO14	0.0
ergst	C28H44O	0.0
ergst3glc	C34H54O6	0.0
ergtetrol	C28H42O	0.0
ertascb__D	C5H5O5	-1.0
eryth	C4H8O4	0.0
estradiol	C18H24O2	0.0
estradiolglc	C24H31O8	-1.0
estriol	C18H24O3	0.0
estriolglc	C24H31O9	-1.0
estrone	C18H22O2	0.0
estroneglc	C24H29O8	-1.0
estrones	C18H21O5S	-1.0
etha	C2H8NO	1.0
etham	C2H8NO	1.0
ethamp	C2H7NO4P	-1.0
ethmalac	C5H6O4	-2.0
ethmalcoa	C26H37N7O19P3S	-5.0
eths	C2H5O3S	-1.0
ethso3	C2H5O3S	-1.0
etoh	C2H6O	0.0
f1p	C6H11O9P	-2.0
f26bp	C6H10O12P2	-4.0
f2p	C6H11O9P	-2.0
f390a	C39H48N10O24P2	0.0
f390g	C39H48N10O25P2	0.0
f5hoxkyn	C10H12N2O3	0.0
f6p	C6H11O9P	-2.0
fad	C27H33N9O15P2	0.0
fadh2	C27H33N9O15P2	-2.0
fald	CH2O	0.0
fc1p	C6H12O8P	-1.0
fcl__L	C6H12O5	0.0
fdp	C6H14O12P2	0.0
fdxo_2_2	Fe2S2*	2.0
fdxox	Fe2S2*	2.0
fdxrd	Fe2S2*	1.0
fe2	Fe	2.0
fe3	Fe	3.0
fe3dcit	C12H22FeO14	0.0
fe3dhbzs	C10H10FeNO6	1.0
fe3hox	C9H23FeN3O6	2.0
fe3hox_un	C3H3N3O6*	-3.0
fecost	C28H46O	0.0
fecrm	C27H45FeN9O12	0.0
fecrm_un	C26H43N9O12	0.0
feenter	C30H27FeN3O15	0.0
feoxam	C25H45FeN6O8	0.0
fer	C10H9O4	-1.0
ferulcoa	C31H40N7O19P3S	-4.0
fgam	C8H15N2O9P	0.0
ficytC	C42H52FeN8O6S2	1.0
fldox	H*	0.0
fldrd	H*	0.0
fmettrna	C16H21N6O5S*	0.0
fmn	C17H21N4O9P	0.0
fmnh2	C17H21N4O9P	-2.0
fn2m2masn	C60H100N6O42	0.0
fna5moxam	C13H16N2O4	0.0
focytC	C42H52FeN8O6S2	0.0
focytc	C33H32FeN4O4	2.0
fol	C19H17N7O6	-2.0
for	CHO2	-1.0
forcoa	C22H32N7O17P3S	-4.0
forglu	C6H9N2O4	-1.0
formh4spt	C31H42N6O17P	-3.0
formmfr_b	C30H37N5O12	-2.0
fpram	C8H16N3O8P	0.0
fprica	C10H13N4O9P	-2.0
frdp	C15H25O7P2	-3.0
frmd	CH3NO	0.0
fru	C6H12O6	0.0
frulys	C12H25N2O7	1.0
frulysp	C12H25N2O10P	0.0
fruur	C6H10O7	0.0
fuc12gal14acglcgalgluside_hs	C51H89N2O27*	0.0
fuc132galacglcgal14acglcgalgluside_cho	C50H83N3O37*	0.0
fuc1p__L	C6H11O8P	-2.0
fuc__L	C6H12O5	0.0
fucacgalfucgalacglcgalgluside_hs	C65H112N3O36*	0.0
fucacngal14acglcgalgluside_cho	C62H106N3O35*	0.0
fucacngal14acglcgalgluside_hs	C62H106N3O35	-1.0
fucfuc12gal14acglcgalgluside_hs	C57H99N2O31*	0.0
fucfucgalacglc13galacglcgal14acglcgalgluside_cho	C85H145N4O51*	0.0
fucfucgalacglc13galacglcgal14acglcgalgluside_hs	C85H145N4O51*	0.0
fucfucgalacglcgal14acglcgalgluside_hs	C63H109N2O36*	0.0
fucfucgalacglcgalacglcgal14acglcgalgluside_cho	C85H145N4O51*	0.0
fucfucgalacglcgalacglcgal14acglcgalgluside_hs	C85H145N4O51*	0.0
fucfucgalacglcgalgluside_hs	C57H99N2O31*	0.0
fucgal14acglcgalgluside_cho	C36H60N2O27*	0.0
fucgalacgalfuc12gal14acglcgalgluside_hs	C71H122N3O41*	0.0
fucgalacglc13galacglcgal14acglcgalgluside_hs	C79H135N4O47*	0.0
fucgalacglcgal14acglcgalgluside_hs	C65H112N3O37*	0.0
fucgalacglcgalgluside_hs	C51H89N2O27*	0.0
fucgalfucgalacglcgalgluside_hs	C63H109N2O36*	0.0
fum	C4H2O4	-2.0
fusa	C31H47O6	-1.0
fut	C19H17N4O7	-1.0
fvs	C24H25FNNaO4	0.0
fvscoa	C45H61FN8NaO19P3S	0.0
fvsgluc	C30H33FNNaO10	0.0
fvstet	C17H13FNNaO2	0.0
fvstetglu	C23H21FNNaO8	0.0
g15lac	C6H10O6	0.0
g1p	C6H11O9P	-2.0
g1p_B	C6H11O9P	-2.0
g3p	C3H7O6P	0.0
g3pc	C8H20NO6P	0.0
g3pe	C5H14NO6P	0.0
g3pg	C6H15O8P	0.0
g3pi	C9H18O11P	-1.0
g3ps	C6H13NO8P	-1.0
g6p	C6H11O9P	-2.0
g6p_B	C6H11O9P	-2.0
ga	C7H5O5	-1.0
ga1_hs	C45H79N2O23*	0.0
ga2_hs	C39H69N2O18*	0.0
gagicolipa	C157H275N2O84P4	-7.0
gal	C6H12O6	0.0
gal14acglcgalgluside_hs	C45H79N2O23*	0.0
gal1p	C6H11O9P	-2.0
gal_bD	C6H12O6	0.0
galacgalfuc12gal14acglcgalgluside_hs	C65H112N3O37*	0.0
galacglc13galacglcgal14acglcgalgluside_hs	C74H128N4O43	0.0
galacglcgal14acglcgalgluside_hs	C73H125N4O43*	0.0
galacglcgalacglcgal14acglcgalgluside_hs	C73H125N4O43*	0.0
galacglcgalgbside_hs	C73H125N4O43*	0.0
galacglcgalgluside_hs	C45H79N2O23*	0.0
galam	C6H14NO5	1.0
galam6p	C6H13NO8P	-1.0
galct__D	C6H8O8	-2.0
galctn__D	C6H11O7	-1.0
galctn__L	C6H11O7	-1.0
galfuc12gal14acglcgalgluside_hs	C57H99N2O32*	0.0
galfucgalacglcgal14acglcgalgluside_cho	C71H122N3O42*	0.0
galfucgalacglcgalgluside_cho	C57H99N2O32*	0.0
galfucgalacglcgalgluside_hs	C57H99N2O32*	0.0
galgalfucfucgalacglcgalacglcgal14acglcgalgluside_hs	C97H165N4O61*	0.0
galgbside_hs	C51H89N2O28*	0.0
galgluside_hs	C48H93NO8	0.0
galman	C18H32O16	0.0
galside_hs	C25H46NO8*	0.0
galt	C6H14O6	0.0
galt1p	C6H13O9P	-2.0
galur	C6H9O7	-1.0
gam	C6H14NO5	1.0
gam1p	C6H13NO8P	-1.0
gam6p	C6H13NO8P	-1.0
gar	C7H14N2O8P	-1.0
garagund	C77H125NO22P2	-2.0
gbbtn	C7H15NO2	-1.0
gbside_hs	C45H79N2O23*	0.0
gcald	C2H4O2	0.0
gcarote	C40H56	0.0
gchola	C26H42NO6	-1.0
gd1a_hs	C67H111N4O39*	-2.0
gd1b_hs	C67H111N4O39*	-2.0
gd2_hs	C61H101N4O34*	-2.0
gd3_hs	C53H88N3O29*	-2.0
gda1_hs	C67H111N4O39*	-2.0
gdbtal	C5H12N3O	1.0
gdchola	C26H42NO5	-1.0
gdp	C10H12N5O11P2	-3.0
gdpddman	C16H21N5O15P2	-2.0
gdpfuc	C16H25N5O15P2	0.0
gdpmann	C16H23N5O16P2	-2.0
gdpofuc	C16H23N5O15P2	0.0
gdptp	C10H12N5O20P5	-6.0
gfgaragund	C83H135NO27P2	-2.0
gg4abut	C9H15N2O5	-1.0
ggagicolipa	C163H285N2O89P4	-7.0
ggbutal	C9H16N2O4	0.0
ggdp	C20H33O7P2	-3.0
gggagicolipa	C169H295N2O94P4	-7.0
gggp	C23H39O6P	-2.0
ggl	C9H18O8	0.0
ggn	C6H11O5	0.0
ggptrc	C9H20N3O3	1.0
ghb	C3H7O5S	-1.0
gicolipa	C151H265N2O79P4	-7.0
glac	C6H8O6	0.0
glc1man	C12H22O11	0.0
glc3meacp	C14H17NO9	0.0
glc__D	C6H12O6	0.0
glcglyc	C9H18O8	0.0
glcglycp	C9H19O11P	0.0
glcn	C6H11O7	-1.0
glcn__D	C6H11O7	-1.0
glcr	C6H8O8	-2.0
glcur	C6H9O7	-1.0
glcur1p	C6H10O10P	-1.0
gln__L	C5H10N2O3	0.0
glnasngln	C14H24N6O7	0.0
glnhishis	C17H24N8O5	0.0
glnhislys	C17H28N7O5	-1.0
glnlyslys	C17H33N6O5	-1.0
glnlystrp	C22H31N6O5	-1.0
glnproglu	C15H23N4O7	-1.0
glntrna	C15H21N7O5*	1.0
glntrpglu	C21H26N5O7	-1.0
glntyrleu	C20H30N4O6	0.0
glu1sa	C5H9NO3	0.0
glu5p	C5H8NO7P	-2.0
glu5sa	C5H9NO3	0.0
glu__D	C5H8NO4	-1.0
glu__L	C5H8NO4	-1.0
gluala	C8H14N2O5	0.0
gluargleu	C17H32N6O6	0.0
gluasnleu	C15H25N4O7	-1.0
glucys	C8H13N2O5S	-1.0
gluglu	C10H14N2O7	-2.0
gluilelys	C17H32N4O6	0.0
gluleu	C11H19N2O5	-1.0
glumet	C10H17N2O5S	-1.0
glumethis	C16H24N5O6S	-1.0
gluside_hs	C25H46NO8*	0.0
glutacoa	C26H35N7O19P3S	-5.0
glutar	C5H6O4	-2.0
glutcoa	C26H37N7O19P3S	-5.0
glutcon	C5H4O4	-2.0
gluthr	C9H15N2O6	-1.0
gluthrlys	C15H28N4O7	0.0
glutrna	C15H19N6O6*	0.0
glutrpala	C19H24N4O6	0.0
glx	C2HO3	-1.0
gly	C2H5NO2	0.0
gly_gln__L	C7H13N3O4	0.0
gly_leu__L	C8H16N2O3	0.0
gly_met__L	C7H14N2O3S	0.0
glyald	C3H6O3	0.0
glyb	C5H11NO2	0.0
glyc	C3H8O3	0.0
glyc1p	C3H7O6P	-2.0
glyc2p	C3H7O6P	-2.0
glyc3p	C3H7O6P	-2.0
glyc__R	C3H5O4	-1.0
glyc__S	C3H6O4	0.0
glyclt	C2H3O3	-1.0
glycogen	C24H42O21	0.0
glygly	C4H8N2O3	0.0
glyhisasn	C12H18N6O5	0.0
glyhislys	C14H25N6O4	1.0
glyleu	C8H16N2O3	0.0
glylyscys	C11H23N4O4S	1.0
glylysphe	C17H27N4O4	1.0
glyphe	C11H14N2O3	0.0
glypro	C7H12N2O3	0.0
glysar	C5H10N2O3	0.0
glytrna	C12H15N6O4*	0.0
glytyrlys	C17H27N4O5	1.0
glyvalhis	C13H21N5O4	0.0
glz	C15H21N3O3S	0.0
gm1_hs	C56H95N3O31*	-1.0
gm1a_hs	C56H96N3O31*	0.0
gm1b_hs	C56H95N3O31*	-1.0
gm2_hs	C50H85N3O26*	-1.0
gm3_hs	C42H72N2O21*	-1.0
gmhep17bp	C7H12O13P2	-4.0
gmhep1p	C7H14O10P	-1.0
gmhep7p	C7H15O10P	0.0
gmp	C10H12N5O8P	-2.0
gp1calpha_cho	C100H159N7O63*	-5.0
gp1calpha_hs	C89H147N6O55*	0.0
gp4g	C20H24N10O21P4	-4.0
gpail_hs	C17H28NO17P*	0.0
gq1b_hs	C89H143N6O55*	-4.0
gq1balpha_cho	C89H143N6O55*	-4.0
gq1balpha_hs	C89H143N6O55*	-4.0
gq1c_cho	C89H143N6O55*	-4.0
grdp	C10H17O7P2	-3.0
grxox	C6H7NO2S2*	0.0
grxrd	C6H9NO2S2*	0.0
gsn	C10H13N5O5	0.0
gt1a_cho	C78H127N5O47*	-3.0
gt1a_hs	C78H127N5O47*	-3.0
gt1alpha_cho	C78H127N5O47*	-3.0
gt1alpha_hs	C78H127N5O47*	-3.0
gt1b_hs	C78H127N5O47*	-3.0
gt1c_cho	C78H127N5O47*	-3.0
gt2_hs	C72H117N5O42*	-3.0
gt3_hs	C64H104N4O37*	-3.0
gthox	C20H30N6O12S2	-2.0
gthrd	C10H16N3O6S	-1.0
gtp	C10H12N5O14P3	-4.0
gtspmd	C17H36N6O5S	2.0
gua	C5H5N5O	0.0
gudac	C3H7N3O2	0.0
gullac	C6H10O6	0.0
guln__L	C6H11O7	-1.0
h	H	1.0
h2	H2	0.0
h2acon_C	C8H10O6	0.0
h2co3	CHO3	-1.0
h2mb4p	C5H9O8P2	-3.0
h2mpt	C30H40N6O16P	-3.0
h2o	H2O	0.0
h2o2	H2O2	0.0
h2s	HS	-1.0
h3acon_C	C9H12O6	0.0
h4mpt	C30H42N6O16P	-3.0
h4spt	C35H48N7O19P	-4.0
hLkynr	C10H12N2O4	0.0
ha	C28H44N2NaO23	1.0
ha_pre1	C14H20NO11	-1.0
hacolipa	C192H337N2O101P4	-7.0
hacon_C	C7H5O6	-3.0
hacon_T	C7H8O6	0.0
halipa	C126H228N2O40P2	-4.0
hatrz	C8H15N5O	0.0
hcarn	C10H16N4O3	0.0
hcit	C7H7O7	-3.0
hco3	CHO3	-1.0
hcoumarin	C9H6O3	0.0
hcys__L	C4H9NO2S	0.0
hdca	C16H31O2	-1.0
hdcea	C16H29O2	-1.0
hdcecrn	C23H43NO4	0.0
hdcoa	C37H60N7O17P3S	-4.0
hdd2coa	C37H60N7O17P3S	-4.0
hdd2crn	C23H43NO4	0.0
hdeACP	C27H49N2O8PS*	-1.0
hemeA	C49H56FeN4O6	0.0
hemeO	C49H58FeN4O5	0.0
hepcoa	C28H44N7O17P3S	-4.0
hepdeceth	C19H39NO2	0.0
hestratriol	C18H24O3	0.0
hexACP	C6H11OS*	0.0
hexacp	C17H31N2O8PS*	-1.0
hexc	C26H51O2	-1.0
hexccoa	C47H82N7O17P3S	-4.0
hexccrn	C33H65NO4	0.0
hexddcoa	C37H58N7O17P3S	-4.0
hexde7coa	C37H60N7O17P3S	-4.0
hexdeceeth	C18H37NO2	0.0
hexdectecoa	C37H54N7O17P3S	-4.0
hexdiac	C16H28O4	-2.0
hexdicoa	C37H59N7O19P3S	-5.0
hexdp	C30H49O7P2	-3.0
hexdpencoa	C37H52N7O17P3S	-4.0
hexdtr	C16H25O2	-1.0
hexdtrcoa	C37H56N7O17P3S	-4.0
hexe3coa	C27H40N7O17P3S	-4.0
hexgly	C8H15NO3	0.0
hexs	C6H13O3S	-1.0
hg2	Hg	2.0
hgentis	C8H7O4	-1.0
hhlipa	C124H220N2O51P2	-6.0
hhxdcal	C16H32O2	0.0
hicit	C7H7O7	-3.0
his__L	C6H9N3O2	0.0
hisargcys	C15H25N8O4S	-1.0
hisargser	C15H27N8O5	1.0
hisasp	C10H13N4O5	-1.0
hiscyscys	C12H19N5O4S2	0.0
hisglnala	C14H22N6O5	0.0
hisglu	C11H15N4O5	-1.0
hisglugln	C16H23N6O7	-1.0
hisglylys	C18H32N7O4	-1.0
hishislys	C18H27N8O4	-1.0
hislysala	C15H27N6O4	1.0
hislysglu	C17H28N6O6	0.0
hislysile	C18H31N6O4	-1.0
hislysthr	C16H29N6O5	1.0
hislysval	C17H29N6O4	-1.0
hismet	C11H18N4O3S	0.0
hismetgln	C16H26N6O5S	0.0
hisp	C6H11N3O4P	-1.0
hisphearg	C21H31N8O4	1.0
hisprolys	C17H29N6O4	1.0
hista	C5H10N3	1.0
histd	C6H12N3O	1.0
histrna	C16H19N8O4*	0.0
histrphis	C23H26N8O4	0.0
hkndd	C9H8O6	-2.0
hkntd	C9H8O6	0.0
hlipa	C117H208N2O45P2	-6.0
hmbil	C40H38N4O17	-8.0
hmcarn	C10H16N4O3	0.0
hmccm	C7H8O5	0.0
hmccms	C7H8O4	0.0
hmcr	C7H15N3O3	0.0
hmfurn	C5H6O3	0.0
hmgcoa	C27H39N7O20P3S	-5.0
hmgth	C11H18N3O7S	-1.0
hmppp9	C35H33MgN4O5	-1.0
hnifedipine	C19H28O3	0.0
hom__L	C4H9NO3	0.0
homoval	C9H9O4	-1.0
hop	C3H3O4	-1.0
houdic	C5H5N4O5	-1.0
hpa	C7H13O2	-1.0
hpal	C7H14O	0.0
hpdca	C17H33O2	-1.0
hpdcacoa	C38H64N7O17P3S	-4.0
hpdcacrn	C24H47NO4	0.0
hpdcal	C17H34O	0.0
hpdece	C15H28O2	0.0
hpdececoa	C36H58N7O17P3S	-4.0
hpglu	C29H33N9O12	-4.0
hphhlipa	C131H231N2O60P3	-8.0
hpyr	C3H3O4	-1.0
hqn	C6H6O2	0.0
hretn	C20H27O3	-1.0
hs	C79H114N5O102S12	-13.0
hspmd	C8H24N3	3.0
htaxol	C47H51NO15	0.0
hx2coa	C27H40N7O17P3S	-4.0
hxa	C6H11O2	-1.0
hxal	C6H12O	0.0
hxan	C5H4N4O	0.0
hxcoa	C27H42N7O17P3S	-4.0
hxdcal	C16H32O	0.0
hyptaur	C2H7NO2S	0.0
i	I	-1.0
iacgam	C14H25NO11	0.0
iad	C10H10N2O	0.0
iamac	C7H14O2	0.0
iamoh	C5H12O	0.0
iasp	C4H3NO4	-2.0
ibcoa	C25H38N7O17P3S	-4.0
ibt	C4H7O2	-1.0
ibupgluc	C19H26O8	0.0
ibutac	C6H12O2	0.0
ibutoh	C4H10O	0.0
ichor	C10H8O6	-2.0
icit	C6H5O7	-3.0
icolipa	C145H255N2O74P4	-7.0
id3acald	C10H9NO	0.0
idon__L	C6H11O7	-1.0
idour	C6H9O7	-1.0
idp	C10H11N4O11P2	-3.0
igam	C12H24NO10	1.0
ile__L	C6H13NO2	0.0
ileargile	C18H37N6O4	1.0
ileasnhis	C16H26N6O5	0.0
ileasp	C10H17N2O5	-1.0
ileglnglu	C16H27N4O7	-1.0
ileglyarg	C14H29N6O4	1.0
ileprolys	C17H33N4O4	1.0
ileserarg	C15H31N6O5	1.0
iletrna	C16H24N6O4*	1.0
iletrptyr	C26H32N4O5	0.0
im4ac	C5H5N2O2	-1.0
im4act	C5H6N2O	0.0
imacp	C6H7N2O5P	-2.0
imp	C10H11N4O8P	-2.0
imzacd	C5H6N2O	0.0
ind3ac	C10H8NO2	-1.0
ind3acnl	C10H8N2	0.0
ind3eth	C10H11NO	0.0
ind56qn	C8H5NO2	0.0
indole	C8H7N	0.0
indpyr	C11H8NO3	-1.0
inoshp	C6H6O24P6	-12.0
inospp1	C6H7O21P5	-10.0
inost	C6H12O6	0.0
ins	C10H12N4O5	0.0
iodine	I2	0.0
ipdp	C5H9O7P2	-3.0
isetac	C2H5O4S	-1.0
isolvstacid	C24H38O7	0.0
istnt	C2H5O4S	-1.0
itaccoa	C26H35N7O19P3S	-5.0
itacon	C5H4O4	-2.0
itp	C10H11N4O14P3	-4.0
ivcoa	C26H40N7O17P3S	-4.0
ivcrn	C12H23NO4	0.0
k	K	1.0
kdn	C9H15O9	-1.0
kdnp	C9H14O12P	-3.0
kdo	C8H13O8	-1.0
kdo2lipid4	C84H148N2O37P2	-6.0
kdo2lipid4b	C100H178N2O38P2	-6.0
kdo2lipid4p	C100H178N2O38P2	-4.0
kdo8p	C8H12O11P	-3.0
kdolipid4	C76H137N2O30P2	-5.0
kphphhlipa	C139H241N2O70P4	-11.0
ksi	C28H48N2O32S4	0.0
kynate	C10H6NO3	-1.0
l2xser	C21H34N2O17*	0.0
lac__D	C3H5O3	-1.0
lac__L	C3H5O3	-1.0
lald__D	C3H6O2	0.0
lald__L	C3H6O2	0.0
lanost	C30H50O	0.0
lcts	C12H22O11	0.0
leu__L	C6H13NO2	0.0
leualaarg	C15H31N6O4	1.0
leuasnasp	C14H23N4O7	-1.0
leuasplys	C16H30N4O6	0.0
leugly	C8H16N2O3	0.0
leuktrA4	C20H29O3	-1.0
leuktrB4	C20H31O4	-1.0
leuktrB4wcooh	C20H28O6	-2.0
leuktrB4woh	C20H31O5	-1.0
leuktrC4	C30H45N3O9S	-2.0
leuktrD4	C25H39N2O6S	-1.0
leuktrF4	C28H42N2O8S	-2.0
leuleu	C12H24N2O3	0.0
leuleutrp	C23H34N4O4	0.0
leupro	C11H20N2O3	0.0
leuproarg	C17H33N6O4	1.0
leusertrp	C20H27N4O5	-1.0
leutrna	C16H24N6O4*	1.0
leutrp	C17H23N3O3	0.0
leutrparg	C23H36N7O4	1.0
leutyrtyr	C24H31N3O6	0.0
leuval	C11H22N2O3	0.0
lgnc	C24H47O2	-1.0
lgnccoa	C45H78N7O17P3S	-4.0
lgnccrn	C31H64NO3	1.0
lgt__S	C13H20N3O8S	-1.0
lido	C14H22N2O	0.0
limnen	C10H16	0.0
lineth	C20H37NO2	0.0
lipa	C110H196N2O39P2	-6.0
lipa_cold	C114H204N2O39P2	-4.0
lipidA	C68H126N2O23P2	-4.0
lipidA_HP	C68H127N2O20P	-2.0
lipidAds	C68H127N2O20P	-2.0
lipidX	C34H64NO12P	-2.0
lipoate	C8H13O2S2	-1.0
lneldc	C18H32O2	0.0
lneldccoa	C39H62N7O17P3S	-4.0
lneldccrn	C25H45NO4	0.0
lnlc	C18H31O2	-1.0
lnlcACP	C18H31OS*	0.0
lnlccoa	C39H66N7O17P3S	0.0
lnlccrn	C25H45NO4	0.0
lnlnca	C18H29O2	-1.0
lnlncacoa	C39H60N7O17P3S	-4.0
lnlncacrn	C25H43NO4	0.0
lnlncg	C18H29O2	-1.0
lnlncgcoa	C39H60N7O17P3S	-4.0
lnlncgcrn	C25H43NO4	0.0
loroxan	C40H56O3	0.0
lpam	C8H15NOS2	0.0
lpchol_hs	C9H19NO7P*	0.0
lpp	C308H528O99N87S2	0.0
lppg	C13H16N5O13P2	-3.0
lpro	C8H14NOS2*	0.0
lst4exp	C22H21ClN6O2	0.0
lstn	C22H23ClN6O	0.0
lstn1gluc	C28H31ClN6O7	0.0
lstnm1	C22H23ClN6O2	0.0
lstnm2	C22H23ClN6O2	0.0
lstnm4	C28H29ClN6O8	0.0
lstnm5	C22H23ClN6O2	0.0
lstnm7	C28H31ClN6O7	0.0
lthstrl	C27H46O	0.0
lum3	C27H44O	0.0
lvst	C24H36O5	0.0
lvstacid	C24H38O6	0.0
lys__D	C6H15N2O2	1.0
lys__L	C6H15N2O2	1.0
lysargleu	C18H36N7O4	-1.0
lyscyshis	C15H27N6O4S	1.0
lysglnphe	C20H32N5O5	1.0
lysgluglu	C27H45N7O12	-2.0
lyslyslys	C18H41N6O4	3.0
lyspheile	C21H35N4O4	1.0
lystrna	C16H26N7O4*	2.0
lystrparg	C23H35N8O4	-1.0
lystyrile	C21H35N4O5	1.0
lysvalphe	C20H31N4O4	-1.0
lysvaltrp	C22H34N5O4	1.0
lyx__L	C5H10O5	0.0
lyxnt	C5H10O6	0.0
m1mpdol_U	C53H92N2O27P2	0.0
m1ocdca	C19H38O2	0.0
m2mn	C26H45NO21	0.0
m4mpdol_U	C71H120N2O42P2	-2.0
m8mpdol_U	C95H162N2O62P2	0.0
m_tol	C8H8O2	0.0
m_xyl	C8H10	0.0
macchitppdol	C47H80N2O22P2	-2.0
mag_hs	C4H7O4*	0.0
magarachi_hs	C23H38O4	0.0
maglinl_hs	C21H38O4	0.0
magole_hs	C21H40O4	0.0
magpalm_hs	C19H38O4	0.0
magste_hs	C21H42O4	0.0
malACP	C3H3O3S*	0.0
mal__D	C4H4O5	-2.0
mal__L	C4H4O5	-2.0
malcoa	C24H33N7O19P3S	-5.0
malcoame	C25H36N7O19P3S	-4.0
male	C4H2O4	-2.0
malm	C4H4NO3	-1.0
malt	C12H22O11	0.0
malt6p	C12H21O14P	-2.0
malthp	C42H72O36	0.0
malthx	C36H62O31	0.0
maltpt	C30H52O26	0.0
malttr	C18H32O16	0.0
maltttr	C24H42O21	0.0
man	C6H12O6	0.0
man1p	C6H13O9P	0.0
man6p	C6H13O9P	0.0
man6pglyc	C9H15O12P	-2.0
mana	C6H11O7	-1.0
manglyc	C9H15O9	-1.0
manmi1p__D	C12H21O14P	-2.0
manttr	C24H42O21	0.0
mcbtt	C47H77N5O10	0.0
mcom	C3H7O3S2	-1.0
mdhdhf	C5H8O4	0.0
mdz	C18H13ClFN3	0.0
mdzglc	C24H22ClFN3O6	1.0
meglyxyl	C12H18N2O	0.0
melanin	C18H10N2O4	0.0
melatn	C13H16N2O2	0.0
melib	C12H22O11	0.0
menylh4spt	C31H41N6O16P	-2.0
meoh	CH4O	0.0
mepi	C10H15NO3	0.0
meracmp	C13H16N2O5S	0.0
mercplac	C3H6O3S	0.0
mercplaccys	C6H11NO5S2	0.0
mercppyr	C3H3O3S	-1.0
mergtrol	C29H46O	0.0
mescoa	C26H35N7O19P3S	-5.0
mescon	C5H4O4	-2.0
met__D	C5H11NO2S	0.0
met__L	C5H11NO2S	0.0
metargleu	C17H35N6O4S	1.0
metasntyr	C18H26N4O6S	0.0
metglntyr	C19H28N4O6S	0.0
metglyarg	C13H27N6O4S	1.0
methf	C20H20N7O6	-1.0
methislys	C17H31N6O4S	1.0
methsucc	C5H8O4	0.0
methsuccoa	C26H37N7O19P3S	-5.0
metmetile	C16H31N3O4S2	0.0
metphearg	C20H33N6O4S	1.0
metsox_R__L	C5H11NO3S	0.0
metsox_S__L	C5H11NO3S	0.0
mettrna	C15H22N6O4S*	1.0
mettrpphe	C25H30N4O4S	0.0
mevR	C6H11O4	-1.0
mev__R	C6H11O4	-1.0
mfor	C2H4O2	0.0
mfr_b	C34H40N4O15	-4.0
mg2	Mg	2.0
mh4spt	C36H50N7O19P	-4.0
mhglz	C15H21N3O4S	0.0
mhista	C6H12N3	1.0
mi13456p	C6H7O21P5	-10.0
mi1345p	C6H8O18P4	-8.0
mi1346p	C6H8O18P4	-8.0
mi134p	C6H9O15P3	-6.0
mi13p	C6H10O12P2	-4.0
mi1456p	C6H8O18P4	-8.0
mi145p	C6H9O15P3	-6.0
mi14p	C6H10O12P2	-4.0
mi1p__D	C6H11O9P	-2.0
mi3456p	C6H8O18P4	-8.0
mi34p	C6H10O12P2	-4.0
mi4p__D	C6H11O9P	-2.0
micit	C7H7O7	-3.0
minohp	C6H6O24P6	-12.0
mlthf	C20H21N7O6	-2.0
mm	C4H4O4	-2.0
mma	CH6N	1.0
mmal	C4H4O4	-2.0
mmcoa__R	C25H35N7O19P3S	-5.0
mmcoa__S	C25H35N7O19P3S	-5.0
mmet	C6H14NO2S	0.0
mmtsa	C4H5O3	-1.0
mn	C14H25NO11	0.0
mn2	Mn	2.0
mn4	Mn	4.0
mndn	C11H8O2	0.0
mnl	C6H14O6	0.0
mnl1p	C6H13O9P	-2.0
mobd	MoO4	-2.0
mocdca	C19H38O2	0.0
moco	C10H10MoN5O8PS2	-2.0
mococdp	C19H22MoN8O15P2S2	-2.0
mpdol	C47H80N2O22P2	-2.0
mpdol_U	C47H80N2O22P2	-2.0
mpt	C10H11N5O6PS2	-3.0
mptamp	C20H23N10O12P2S2	-3.0
mql6	C41H58O2	0.0
mql7	C46H66O2	0.0
mql8	C51H74O2	0.0
mqn10	C61H88O2	0.0
mqn11	C66H96O2	0.0
mqn7	C46H64O2	0.0
mqn8	C51H72O2	0.0
mqn9	C56H80O2	0.0
msa	C3H3O3	-1.0
msh	C17H30N2O12S	0.0
mso3	CH3O3S	-1.0
mthgxl	C3H4O2	0.0
mththf	C5H10O5	0.0
murein3p3p	C68H104N12O38	-4.0
murein3px3p	C68H106N12O37	0.0
murein3px4p	C71H107N13O38	-4.0
murein4p3p	C71H109N13O39	-4.0
murein4p4p	C74H114N14O40	-4.0
murein4px4p	C74H111N14O39	-5.0
murein4px4p4p	C111H169N21O59	-6.0
murein4px4px4p	C111H167N21O58	-6.0
murein5p3p	C74H114N14O40	-4.0
murein5p4p	C77H119N15O41	-4.0
murein5p5p	C80H124N16O42	-4.0
murein5p5p5p	C120H186N24O63	-6.0
murein5px3p	C74H112N14O39	-4.0
murein5px4p	C77H121N15O40	0.0
murein5px4px4p	C114H178N22O59	0.0
mvlac	C6H10O3	0.0
myrsACP	C14H27OS*	0.0
n2o	H2N2O	0.0
n2ppn	C3H7NO2	0.0
n4abutn	C6H11NO2	0.0
n6all26d	C9H15N2O5	-1.0
n8aspmd	C9H23N3O	2.0
na1	Na	1.0
na15dap	C8H24N3	3.0
nac	C6H4NO2	-1.0
nacvanala	C12H15NO5	0.0
nad	C21H26N7O14P2	-1.0
nadh	C21H27N7O14P2	-2.0
nadp	C21H25N7O17P3	-3.0
nadph	C21H26N7O17P3	-4.0
naglc2p_U	C33H57NO12P2	-2.0
nal2a6o	C9H11NO6	-2.0
napqi	C8H7NO2	0.0
ncam	C6H6N2O	0.0
ndersv	C42H50CaF2N6O12S2	0.0
nfd	C17H18N2O6	0.0
nfmalm	C5H4NO4	-1.0
nformanth	C8H6NO3	-1.0
nh4	H4N	1.0
nh4oh	H5NO	0.0
ni2	Ni	2.0
nicnt	C6H4NO2	-1.0
nicrns	C11H13NO6	0.0
nicrnt	C11H12NO9P	-2.0
nifedipine	C19H28O2	0.0
nmn	C11H14N2O8P	-1.0
nmptrc	C5H16N2	2.0
nmthsrtn	C11H14N2O	0.0
no	NO	0.0
no2	NO2	-1.0
no3	NO3	-1.0
nona	C9H17O2	-1.0
nonal	C9H18O	0.0
noncoa	C30H48N7O17P3S	-4.0
nop	C11H19N4O6	-1.0
novbcn	C31H35N2O11	-1.0
npthl	C10H8	0.0
npthld	C10H8O2	0.0
nrpphr	C8H12NO3	1.0
nrpphrsf	C8H11NO6S	0.0
nrvnc	C24H45O2	-1.0
nrvnccoa	C45H76N7O17P3S	-4.0
nrvnccrn	C31H59NO4	0.0
ntm2amep	C5H15NO3P	1.0
nwharg	C6H14N4O3	0.0
o16a2und	C123H200N2O57P2	-2.0
o16a3und	C157H255N3O82P2	-2.0
o16a4colipa	C298H502N6O189P4	-10.0
o16a4und	C191H310N4O107P2	-2.0
o16aund	C89H145NO32P2	-2.0
o2	O2	0.0
o2s	O2	-1.0
oaa	C4H2O5	-2.0
oagd3_cho	C55H92N3O30*	0.0
oagd3_hs	C56H95N3O30	0.0
oc2coa	C29H45N7O17P3S	-3.0
ocACP	C19H35N2O8PS*	-1.0
occoa	C29H46N7O17P3S	-4.0
ocdca	C18H35O2	-1.0
ocdcaACP	C29H55N2O8PS*	-1.0
ocdcal	C18H36O	0.0
ocdcea	C18H33O2	-1.0
ocdcya	C18H31O2	-1.0
ocde9ecoa	C39H64N7O17P3S	-4.0
ocdececrn	C25H47NO4	0.0
octa	C8H15O2	-1.0
octal	C8H16O	0.0
octd11ecoa	C39H64N7O17P3S	-4.0
octdececoa	C39H64N7O17P3S	-4.0
octdececrn	C25H47NO4	0.0
octdp	C40H65O7P2	-3.0
octe5coa	C29H44N7O17P3S	-4.0
octeACP	C402H635O143N96P1S3	0.0
octp	C9H18N4O4	0.0
od2coa	C39H64N7O17P3S	-4.0
odecoa	C39H64N7O17P3S	-4.0
odecrn	C25H47NO4	0.0
oh1	H	-1.0
ohpb	C4H4O8P	-3.0
oleth	C20H39NO2	0.0
omaenol	C7H6O7	0.0
omeprazole	C17H19N3O3S	0.0
omhdecacid	C10H19O3	-1.0
omhdocosac	C22H43O3	-1.0
omppp9	C35H31MgN4O5	-1.0
onpthl	C10H8O	0.0
op4en	C5H6O3	0.0
oretn	C20H25O3	-1.0
orn	C5H13N2O2	1.0
orn__D	C5H13N2O2	1.0
orn__L	C5H13N2O2	1.0
orot	C5H3N2O4	-1.0
orot5p	C10H10N2O11P	-3.0
oxa	C2O4	-2.0
oxadpcoa	C27H37N7O20P3S	-5.0
oxag	C7H8O7	0.0
oxalcoa	C23H31N7O19P3S	-5.0
oxam	C2H2NO3	-1.0
oxglyc	C4H2O6	-2.0
oxptn	C5H7O3	-1.0
oxur	C3H3N2O4	-1.0
oxy1rb	C10H12N4O7	0.0
oxy7rb	C10H12N4O7	0.0
oxyp	C5H4N4O2	0.0
p_tol	C8H7O2	-1.0
p_xyl	C8H10	0.0
pa120	C27H52O8P	-1.0
pa140	C31H61O8P	0.0
pa141	C31H56O8P	-1.0
pa160	C35H67O8P	-2.0
pa161	C35H64O8P	-1.0
pa180	C39H76O8P	-1.0
pa181	C39H72O8P	-1.0
pa_hs	C5H5O8P*	-2.0
pac	C8H7O2	-1.0
pacald	C8H8O	0.0
pad	C8H9NO	0.0
paf_hs	C10H21NO7P*	0.0
pail345p_hs	C11H13O22P4*	-7.0
pail34p_hs	C11H14O19P3*	-5.0
pail35p_hs	C11H14O19P3*	-5.0
pail3p_hs	C11H15O16P2*	-3.0
pail45p_hs	C11H14O19P3*	-5.0
pail4p_hs	C11H15O16P2*	-3.0
pail5p_hs	C11H15O16P2*	-3.0
pail_hs	C47H81O13P	0.0
pailar_hs	C29H49O12P	0.0
pailpalm_hs	C25H48O12P	-1.0
pailste_hs	C27H52O12P	-1.0
pala	C12H22O11	0.0
palmACP	C16H31OS*	0.0
pan4p	C11H21N2O7PS	-2.0
pant__R	C6H11O4	-1.0
pap	C10H11N5O10P2	-4.0
paps	C10H11N5O13P2S	-4.0
pchol2linl_hs	C27H53NO7P	1.0
pchol2ole_hs	C26H53NO7P	1.0
pchol2palm_hs	C23H48NO7P	0.0
pchol2ste_hs	C26H55NO7P	0.0
pchol_hs	C10H19NO8P*	1.0
pcholar_hs	C28H50NO7P	0.0
pcholdoc_hs	C34H59NO7P	1.0
pcholeic_hs	C28H55NO7P	1.0
pcholet_hs	C28H53NO7P	1.0
pcholhep_hs	C25H52NO7P	0.0
pchollinl_hs	C26H50NO7P	0.0
pcholmyr_hs	C22H46NO7P	0.0
pcholn15_hs	C23H48NO7P	0.0
pcholn1836_hs	C26H49NO7P	1.0
pcholn183_hs	C26H49NO7P	1.0
pcholn19_hs	C27H56NO7P	0.0
pcholn201_hs	C28H57NO7P	1.0
pcholn203_hs	C28H52NO7P	0.0
pcholn204_hs	C28H50NO7P	0.0
pcholn205_hs	C28H49NO7P	1.0
pcholn224_hs	C30H55NO7P	1.0
pcholn2254_hs	C30H53NO7P	1.0
pcholn225_hs	C30H53NO7P	1.0
pcholn226_hs	C30H51NO7P	1.0
pcholn24_hs	C32H66NO7P	0.0
pcholn261_hs	C34H69NO7P	1.0
pcholn281_hs	C36H73NO7P	1.0
pcholn28_hs	C36H74NO7P	0.0
pcholole_hs	C26H52NO7P	0.0
pcholpalm_hs	C24H50NO7P	0.0
pcholpalme_hs	C24H48NO7P	0.0
pcholste_hs	C26H54NO7P	0.0
pcollg5hlys	C6H15N2O3	1.0
pcollglys	C7H13N3O2*	0.0
pcreat	C4H8N3O5P	-2.0
pcresol	C7H8O	0.0
pcrn	C10H19NO4	0.0
pcs	C7H8O4S	0.0
pd3	C27H44O	0.0
pdx5p	C8H10NO6P	-2.0
pe120	C29H58NO8P	0.0
pe12_hs	C17H36NO7P	0.0
pe13_hs	C18H38NO7P	0.0
pe140	C33H66NO8P	0.0
pe141	C33H62NO8P	0.0
pe14_hs	C19H40NO7P	0.0
pe15_hs	C20H42NO7P	0.0
pe160	C37H74NO8P	0.0
pe161	C37H70NO8P	0.0
pe161_hs	C21H42NO7P	0.0
pe17_hs	C22H46NO7P	0.0
pe180	C41H82NO8P	0.0
pe181	C41H78NO8P	0.0
pe18111Z1819Z	C41H78NO8P	0.0
pe18111Z1829Z12Z	C41H76NO8P	0.0
pe203_hs	C25H46NO7P	0.0
pe224_hs	C27H48NO7P	0.0
pe2linl_hs	C23H44NO7P	0.0
pe_hs	C7H12NO8P*	0.0
peamn	C8H12N	1.0
pear_hs	C25H44NO7P	0.0
pecgon	C9H15NO3	0.0
pecgoncoa	C30H49N8O18P3S	0.0
pect	C2535H3509O2535	-1.0
pedh203_hs	C25H46NO7P	0.0
pelinl_hs	C23H44NO7P	0.0
pencil	C9H10N2O4S*	-1.0
pendecaeth	C17H35NO2	0.0
peng	C16H17N2O4S	-1.0
pentcoa	C26H40N7O17P3S	-4.0
pentso3	C5H11O3S	-1.0
peole_hs	C23H46NO7P	0.0
pep	C3H2O6P	-3.0
pepalm_hs	C21H44NO7P	0.0
peplys	C7H13N3O2*	0.0
peracd	C10H13O2	-1.0
perillyl	C10H16O	0.0
peste_hs	C23H48NO7P	0.0
pg120	C30H59O10P	0.0
pg140	C34H66O10P	-1.0
pg141	C34H62O10P	-1.0
pg160	C38H75O10P	0.0
pg161	C38H70O10P	-1.0
pg180	C42H83O10P	0.0
pg181	C42H78O10P	-1.0
pglyc_hs	C8H12O10P*	-1.0
pgp120	C30H58O13P2	-2.0
pgp140	C34H66O13P2	-2.0
pgp141	C34H62O13P2	-2.0
pgp160	C38H74O13P2	-2.0
pgp161	C38H70O13P2	-2.0
pgp180	C42H82O13P2	-2.0
pgp181	C42H78O13P2	-2.0
pgp_hs	C8H11O13P2*	-3.0
phaccoa	C29H38N7O17P3S	-4.0
phacgly	C10H10NO3	-1.0
phcrm_hs	C19H38NO4*	0.0
phe__L	C9H11NO2	0.0
pheac	C10H12O2	0.0
pheacgln	C13H15N2O4	-1.0
pheacgly	C10H10NO3	-1.0
pheasnmet	C18H26N4O5S	0.0
pheasp	C13H15N2O5	-1.0
pheglnphe	C23H28N4O5	0.0
pheleu	C15H22N2O3	0.0
pheleuasp	C19H26N3O6	-1.0
pheleuhis	C21H29N5O4	0.0
phelysala	C18H29N4O4	1.0
phelyspro	C20H31N4O4	1.0
pheme	C34H30FeN4O4	-2.0
phenol	C6H6O	0.0
phephe	C18H20N2O3	0.0
phepheasn	C22H26N4O5	0.0
phephethr	C22H27N3O5	0.0
pheproarg	C20H31N6O4	1.0
phesertrp	C23H26N4O5	0.0
phethrlys	C19H31N4O5	1.0
phetrna	C19H21N6O4*	0.0
phetrpleu	C26H32N4O4	0.0
phetyr	C18H20N2O4	0.0
phetyrgln	C23H28N4O6	0.0
phetyrlys	C24H33N4O5	1.0
phhlipa	C124H219N2O54P3	-8.0
phlac	C9H9O3	-1.0
phom	C4H8NO6P	-2.0
photon	H*	0.0
phphhlipa	C131H230N2O63P4	-10.0
phphtna	C55H74N4O5	0.0
phpyr	C9H7O3	-1.0
phsph1p	C18H39NO6P	-1.0
phsphings	C18H40NO3	1.0
phthr	C4H8NO7P	-2.0
phyt	C20H39O2	-1.0
phyt2ohcoa	C41H74N7O18P3S	0.0
phytcoa	C41H74N7O17P3S	0.0
phyto	C40H64	0.0
phytoe	C40H64	0.0
phytol	C20H40O	0.0
pi	HO4P	-2.0
pimACP	C28H41N7O19P3S	-5.0
pime	C7H10O4	-2.0
pmcoa	C28H41N7O19P3S	-5.0
pmeth	C18H37NO2	0.0
pmtcoa	C37H62N7O17P3S	-4.0
pmtcrn	C23H45NO4	0.0
pnto__R	C9H16NO5	-1.0
poaac	C3H5NO3	0.0
ppa	C3H5O2	-1.0
ppal	C3H6O	0.0
ppap	C3H5O5P	-2.0
ppbng	C10H13N2O4	-1.0
ppcoa	C24H36N7O17P3S	-4.0
ppgpp	C10H12N5O17P4	-5.0
pphn	C10H10O6	0.0
pphos	C6H7O4P	0.0
ppi	HO7P2	-3.0
ppiogly	C5H9NO3	0.0
ppmi12346p	C6H6O27P7	-13.0
ppmi1346p	C6H20O30P8	0.0
ppoh	C3H8O	0.0
ppp9	C34H32N4O4	-2.0
pppg9	C34H38N4O4	-2.0
pppi	O10P3	-5.0
pppn	C9H9O2	-1.0
pprdn	C5H10N	1.0
ppt	HO3P	-2.0
pqq	C14H3N2O8	-3.0
pqqh2	C14H4N2O8	-4.0
pram	C5H11NO7P	-1.0
pran	C12H13NO9P	-3.0
prbamp	C15H22N5O14P2	-1.0
prbatp	C15H22N5O20P4	-3.0
pre3a	C43H43N4O16	-7.0
pre3b	C43H44N4O17	-6.0
pre4	C44H44N4O17	-8.0
pre6a	C44H47N4O16	-7.0
preq0	C7H5N5O	0.0
preq1	C7H10N5O	1.0
prfp	C15H21N5O15P2	-4.0
prgnlone	C21H32O2	0.0
prgnlones	C21H31O5S	-1.0
prgstrn	C21H30O2	0.0
prist	C19H37O2	-1.0
pristanal	C19H38O	0.0
pristcoa	C40H68N7O17P3S	-4.0
prlp	C15H21N5O15P2	-4.0
pro__L	C5H9NO2	0.0
proargasp	C15H26N6O6	0.0
proargcys	C14H27N6O4S	1.0
proasncys	C12H20N4O5S	0.0
procys	C8H14N2O3S	0.0
profvs	C18H16FNNaO2	1.0
profvscoa	C37H47FN8NaO17P3S	0.0
proglnpro	C15H24N4O5	0.0
proglulys	C16H28N4O6	0.0
progly	C7H12N2O3	0.0
prohis	C11H16N4O3	0.0
prohistyr	C20H25N5O5	0.0
prolb	C7H13NO2	0.0
proleuarg	C17H33N6O4	1.0
prolyspro	C16H29N4O4	1.0
prophe	C14H18N2O3	0.0
proproarg	C16H29N6O4	1.0
propropro	C15H23N3O4	0.0
prostg1	C20H31O5	-1.0
prostgd2	C20H31O5	-1.0
prostge1	C20H33O5	-1.0
prostge2	C20H31O5	-1.0
prostgf2	C20H33O5	-1.0
prostgh2	C20H31O5	-1.0
prostgi2	C20H31O5	-1.0
protrna	C15H20N6O4*	1.0
protrplys	C22H32N5O4	1.0
protrpthr	C20H26N4O5	0.0
provalgln	C15H26N4O5	0.0
prpncoa	C24H34N7O17P3S	-4.0
prpp	C5H8O14P3	-5.0
ps120	C30H56NO10P	-2.0
ps140	C34H64NO10P	-2.0
ps141	C34H60NO10P	-2.0
ps160	C38H72NO10P	-2.0
ps161	C38H68NO10P	-2.0
ps180	C42H80NO10P	-2.0
ps181	C42H76NO10P	-2.0
ps_cho	C8H11NO10P*	-1.0
ps_hs	C8H11NO10P*	-1.0
psclys	C12H25N2O7	1.0
psd5p	C9H11N2O9P	-2.0
pser__D	C3H6NO6P	-2.0
pser__L	C3H6NO6P	-2.0
psphings	C18H40NO3	1.0
pta	C5H9O2	-1.0
ptcys	C12H21N2O6S	-1.0
ptdca	C15H29O2	-1.0
ptdcacoa	C36H60N7O17P3S	-4.0
ptdcacrn	C22H43NO4	0.0
ptdcal	C15H30O	0.0
ptp	C18H14	0.0
ptrc	C4H14N2	2.0
ptth	C11H22N2O4S	0.0
ptvst	C50H46CaF2N2O8	0.0
ptvstgluc	C62H62CaF2N2O20	0.0
ptvstlac	C50H42CaF2N2O6	0.0
ptvstm13	C50H46CaF2N2O10	0.0
ptvstm3	C50H42CaF2N2O8	0.0
purine	C5H4N4	0.0
pvs	C23H35NaO7	0.0
pvsgluc	C29H43NaO13	0.0
pyam5p	C8H12N2O5P	-1.0
pydam	C8H13N2O2	1.0
pydx	C8H9NO3	0.0
pydx5p	C8H8NO6P	-2.0
pydxn	C8H11NO3	0.0
pylald	C10H14O	0.0
pyr	C3H3O3	-1.0
pyrimid	C4H4N2	0.0
q10	C59H90O4	0.0
q10h2	C59H92O4	0.0
q6h2	C39H60O4	0.0
q8	C49H74O4	0.0
q8h2	C49H76O4	0.0
quc	C15H9O7	-1.0
quin	C7H11O6	-1.0
quln	C7H3NO4	-2.0
r15bp	C5H8O11P2	-4.0
r1p	C5H9O8P	-2.0
r5p	C5H11O8P	0.0
ragund	C69H113NO16P2	-2.0
rb15bp	C5H8O11P2	-4.0
rbflvrd	C17H22N4O6	0.0
rbt	C5H12O5	0.0
rbt5p	C5H12O8P	-1.0
rdmbzi	C14H18N2O4	0.0
rephaccoa	C29H38N7O18P3S	-4.0
retinal	C20H28O	0.0
retinal_11_cis	C20H28O	0.0
retinal_cis_13	C20H28O	0.0
retinal_cis_9	C20H28O	0.0
retinol	C20H30O	0.0
retinol_9_cis	C20H30O	0.0
retinol_cis_11	C20H30O	0.0
retinol_cis_13	C20H30O	0.0
retn	C20H27O2	-1.0
retncoa	C41H58N7O17P3S	-4.0
retnglc	C26H35O8	-1.0
retpalm	C36H60O2	0.0
rhcys	C9H17NO6S	0.0
rib__D	C5H10O5	0.0
ribflv	C17H19N4O6	-1.0
ribflvRD	C17H21N4O9P	-2.0
rml	C6H12O5	0.0
rml1p	C6H13O8P	0.0
rmn	C6H12O5	0.0
rnam	C11H15N2O5	1.0
rsv	C44H54CaF2N6O12S2	0.0
rsvgluc	C56H70CaF2N6O24S2	0.0
rsvlac	C44H52CaF2N6O10S2	2.0
ru5p__D	C5H9O8P	-2.0
ru5p__L	C5H9O8P	-2.0
s	S	0.0
s3meacmp	C8H9NO6S	0.0
s7p	C7H13O10P	-2.0
sT_antigen	C25H40N2O18*	-1.0
sTn_antigen	C22H33N3O15*	-1.0
saccrp__L	C11H19N2O6	-1.0
salcn	C13H18O7	0.0
salcn6p	C13H17O10P	-2.0
sarcs	C3H7NO2	0.0
sbcoa	C29H43N7O19P3S	-5.0
sbt6p	C6H15O9P	0.0
sbt__D	C6H14O6	0.0
sbt__L	C6H14O6	0.0
sbzcoa	C32H40N7O20P3S	-4.0
scl	C42H38N4O16	-8.0
seahcys	C14H20N6O5Se	0.0
seasmet	C15H23N6O5Se	1.0
sebacid	C10H16O4	-2.0
sebcoa	C31H47N7O19P3S	-5.0
sec	C5H10NO5S2	-1.0
sectrna	C18H30NO17P2Se*	0.0
sel	O4Se	-2.0
selcys	C3H7NO2Se	0.0
selcyst	C7H14N2O4Se	0.0
selhcys	C4H9NO2Se	0.0
selmeth	C5H11NO2Se	0.0
seln	HSe	-1.0
selnp	O3PSe	-3.0
ser__D	C3H7NO3	0.0
ser__L	C3H7NO3	0.0
seramp	C13H20N6O9P	0.0
serargala	C12H25N6O5	1.0
serargtrp	C20H30N7O5	1.0
sercysarg	C12H25N6O5S	1.0
serglyglu	C10H16N3O7	-1.0
serlyshis	C15H27N6O5	1.0
serphelys	C18H29N4O5	1.0
sertrna	C13H17N6O5*	0.0
sertrna_sec	C18H28NO18P2*	-2.0
sertrphis	C20H24N6O5	0.0
sheme	C42H36FeN4O16	-8.0
simvgluc	C31H48O12	0.0
skm	C7H9O5	-1.0
skm5p	C7H8O8P	-3.0
sl1	C148H286O20S	0.0
sl26da	C11H16N2O7	-2.0
sl2a6o	C11H12NO8	-3.0
sl__L	C3H4O6S	-2.0
slfcys	C3H6NO5S2	-1.0
slnt	O3Se	-2.0
smv	C25H38O5	0.0
smvacid	C25H40O6	0.0
so2	O2S	0.0
so3	O3S	-2.0
so4	O4S	-2.0
spc_hs	C23H50N2O5P	1.0
sph1p	C18H39NO5P	-1.0
sphgn	C18H40NO2	1.0
sphings	C18H37NO2	0.0
sphmyln180241_hs	C47H96N2O6P	1.0
sphmyln18114_hs	C37H76N2O6P	1.0
sphmyln18115_hs	C38H78N2O6P	1.0
sphmyln181161_hs	C39H78N2O6P	1.0
sphmyln18116_hs	C39H80N2O6P	1.0
sphmyln18117_hs	C40H82N2O6P	1.0
sphmyln181181_hs	C41H82N2O6P	1.0
sphmyln18118_hs	C41H84N2O6P	1.0
sphmyln181201_hs	C43H86N2O6P	1.0
sphmyln18120_hs	C43H88N2O6P	1.0
sphmyln18121_hs	C44H90N2O6P	1.0
sphmyln181221_hs	C45H90N2O6P	1.0
sphmyln18122_hs	C45H92N2O6P	1.0
sphmyln18123_hs	C46H94N2O6P	1.0
sphmyln1824_hs	C47H98N2O6P	1.0
sphmyln1825_hs	C48H100N2O6P	1.0
sphmyln_hs	C28H60N3O6P	2.0
sphs1p	C18H37NO5P	-1.0
spmd	C7H22N3	3.0
sprm	C10H30N4	4.0
sql	C30H50	0.0
srch	C42H39N4O16	-7.0
srtn	C10H13N2O	1.0
ssaltpp	C16H22N4O10P2S	-3.0
stcoa	C39H66N7O17P3S	-4.0
stcrn	C25H49NO4	0.0
steeth	C20H41NO2	0.0
strch1	C66H112O56	0.0
strch2	C18H32O16	0.0
strdnc	C18H28O2	0.0
strdnccoa	C39H58N7O17P3S	-4.0
strdnccrn	C25H41NO4	0.0
subeac	C8H12O4	-2.0
subgly	C10H17NO5	0.0
suc6p	C12H22O14P	-1.0
sucacetat	C8H10O6	0.0
sucaceto	C7H10O4	0.0
sucald	C4H6O2	0.0
sucarg	C10H17N4O5	-1.0
sucbz	C11H8O5	-2.0
succ	C4H4O4	-2.0
succoa	C25H35N7O19P3S	-5.0
sucglu	C9H10NO7	-3.0
sucgsa	C9H11NO6	-2.0
suchms	C8H12NO6	-1.0
sucorn	C9H15N2O5	-1.0
sucr	C12H22O11	0.0
sucsal	C4H5O3	-1.0
sula	C2H2O5S	-2.0
sulfac	C2H2O5S	-2.0
sulpacmp	C8H9NO5S	0.0
t2m26dcoa	C31H50N7O17P3S	0.0
t3c5ddeceACP	C396H621O143N96P1S3	-1.0
t3c7mrseACP	C398H625O143N96P1S3	-1.0
tacr	C44H69NO12	0.0
tag16018111Z160	C53H100O6	0.0
tag1601819Z160	C53H100O6	0.0
tag1601819Z180	C55H104O6	0.0
tag1801819Z180	C57H108O6	0.0
tag18111Z18111Z18111Z	C57H104O6	0.0
tag18111Z1819Z18111Z	C57H104O6	0.0
tag1819Z18111Z1819Z	C57H104O6	0.0
tag1p__D	C6H13O9P	0.0
tag_hs	C6H5O6*	0.0
tagdp__D	C6H14O12P2	0.0
tagur	C6H10O7	0.0
tartr__D	C4H4O6	-2.0
tartr__L	C4H4O6	-2.0
tartr__M	C4H4O6	-2.0
taur	C2H7NO3S	0.0
taxol	C47H51NO14	0.0
tcb	C6H5O6	-3.0
tchola	C26H44NO7S	-1.0
tcynt	CNS	-1.0
td2coa	C35H57N7O17P3S	-3.0
td2glutrcoa	C26H35N7O19P3S	-5.0
tdchola	C26H45NO6S	0.0
tdcoa	C35H58N7O17P3S	-4.0
tddec2eACP	C12H21OS*	0.0
tddedi2coa	C33H50N7O17P3S	-4.0
tddedicoa	C33H54N7O17P3S	0.0
tdeACP	C25H45N2O8PS*	-1.0
tdec2eACP	C394H619O143N96P1S3	0.0
tdec4ecoa	C31H48N7O17P3S	-4.0
tdechola	C26H44NO6S	-1.0
tdecoa	C35H57N7O17P3S	-3.0
tdp	C10H13N2O12P2	-3.0
tega	C8H9FN2O3	0.0
tet	O6S4	-2.0
tetd7ecoa	C35H56N7O17P3S	-4.0
tetde5coa	C35H56N7O17P3S	-4.0
tetdec2crn	C21H37NO4	0.0
tetdeca511ac	C14H23O2	-1.0
tetdecaeth	C16H33NO2	0.0
tetdecdicoa	C35H54N7O17P3S	-4.0
tetdece1coa	C35H60N7O17P3S	0.0
tetdece1crn	C21H39NO4	0.0
tethex3	C24H35O2	-1.0
tethex3coa	C45H66N7O17P3S	-4.0
tetpent3	C24H37O2	-1.0
tetpent3coa	C45H68N7O17P3S	-4.0
tetpent3crn	C31H51NO4	0.0
tetpent6	C24H37O2	-1.0
tetpent6coa	C45H68N7O17P3S	-4.0
tetpent6crn	C31H51NO4	0.0
tettet6	C24H39O2	-1.0
tettet6coa	C45H70N7O17P3S	-4.0
tettet6crn	C31H53NO4	0.0
thbpt	C9H15N5O3	0.0
thbpt4acam	C9H15N5O4	0.0
thcholoylcoa	C48H76N7O20P3S	-4.0
thcholst	C27H46O4	0.0
thcholstoic	C27H45O5	-1.0
thcrm_hs	C37H66NO18*	0.0
thcys	C3H7NO2S2	0.0
thdp	C7H7NO4	-2.0
thex2eACP	C17H29N2O8PS*	-1.0
thexdd	C16H28O2	0.0
thexddcoa	C37H58N7O17P3S	-4.0
thf	C19H21N7O6	-2.0
thfglu	C24H30N8O9	0.0
thiog	C2H3O2S	-1.0
thm	C12H17N4OS	1.0
thmmp	C12H16N4O4PS	-1.0
thmnp	C9H15N5O4	0.0
thmpp	C12H16N4O7P2S	-2.0
thmtp	C12H16N4O10P3S	-3.0
thp2c	C6H8NO2	-1.0
thptn	C9H15N5O3	0.0
thr__L	C4H9NO3	0.0
thrargtyr	C19H31N6O6	1.0
thrasntyr	C17H24N4O7	0.0
thrglnglu	C14H23N4O8	-1.0
thrglntyr	C18H26N4O7	0.0
thrhishis	C16H23N7O5	0.0
thrilearg	C16H33N6O5	1.0
thrmetarg	C15H31N6O5S	1.0
thrnt	C4H7O5	-1.0
thrp	C4H8NO6P	-2.0
thrphearg	C19H31N6O5	1.0
thrserarg	C13H27N6O6	1.0
thrthrarg	C14H29N6O6	1.0
thrtrna	C14H19N6O5*	0.0
thrtyrmet	C18H27N3O6S	0.0
thsacmp	C9H11NO3S	0.0
thym	C5H6N2O2	0.0
thymd	C10H14N2O5	0.0
thyox__L	C15H11I4NO4	0.0
tiggly	C7H11NO3	0.0
tih2cit	C8H12O7	0.0
tlacfvs	C24H23FNNaO3	0.0
tma	C3H10N	1.0
tmacmp	C9H11NO2S	0.0
tmam	C3H10N	1.0
tmao	C3H9NO	0.0
tmd	C16H20N4O3S	0.0
tmdm1	C16H20N4O4S	0.0
tmdm3	C16H20N4O4S	0.0
tmdm5	C16H18N4O5S	0.0
tmlys	C9H21N2O2	1.0
tmndnc	C20H29O2	-1.0
tmndnccoa	C41H64N7O17P3S	0.0
tmndnccrn	C27H43NO4	0.0
tmp	C10H13N2O9P	-2.0
tmrs2eACP	C398H627O143N96P1S3	0.0
tmtrdcoa	C37H62N7O17P3S	-4.0
tmuncoa	C35H58N7O17P3S	-4.0
toct2eACP	C19H33N2O8PS*	-1.0
toctd2eACP	C18H33OS*	0.0
tol	C7H8	0.0
tolbutamide	C12H18N2O3S	0.0
tpalm2eACP	C16H29OS*	0.0
trdca	C13H26O2	0.0
trdcal	C13H26O	0.0
trdox	C6H8N2O2S2*	0.0
trdrd	C10H14N4O4S2*	0.0
tre	C12H22O11	0.0
tre6p	C12H21O14P	-2.0
tres	C12H21O14S	-1.0
tridcoa	C34H60N7O17P3S	0.0
trideceth	C15H31NO2	0.0
triodthy	C15H12I3NO4	0.0
triodthysuf	C15H12I3NO7S	0.0
tripvs	C23H37NaO9	0.0
trnaala	C28H34N11O21P3*	-3.0
trnaarg	C28H34N11O21P3*	-3.0
trnaasn	C28H34N11O21P3*	-3.0
trnaasp	C28H34N11O21P3*	-3.0
trnacys	C28H34N11O21P3*	-3.0
trnagln	C28H34N11O21P3*	-3.0
trnaglu	C28H34N11O21P3*	-3.0
trnagly	C28H34N11O21P3*	-3.0
trnahis	C28H34N11O21P3*	-3.0
trnaile	C28H34N11O21P3*	-3.0
trnaleu	C28H34N11O21P3*	-3.0
trnalys	C28H34N11O21P3*	-3.0
trnamet	C28H34N11O21P3*	-3.0
trnaphe	C28H34N11O21P3*	-3.0
trnapro	C28H34N11O21P3*	-3.0
trnasecys	C10H12N5O3*	0.0
trnaser	C28H34N11O21P3*	-3.0
trnathr	C28H34N11O21P3*	-3.0
trnatrp	C28H34N11O21P3*	-3.0
trnatyr	C28H34N11O21P3*	-3.0
trnaval	C28H34N11O21P3*	-3.0
trp__L	C11H12N2O2	0.0
trpalapro	C19H24N4O4	0.0
trpargala	C20H30N7O4	1.0
trpaspasp	C19H20N4O8	-2.0
trpglngln	C21H28N6O6	0.0
trpglugly	C18H21N4O6	-1.0
trpgluleu	C22H29N4O6	-1.0
trpglupro	C21H25N4O6	-1.0
trpglutyr	C25H27N4O7	-1.0
trpglyasp	C17H19N4O6	-1.0
trpglyleu	C19H26N4O4	0.0
trpglyphe	C22H24N4O4	0.0
trpglyval	C18H24N4O4	0.0
trphismet	C22H28N6O4S	0.0
trpilelys	C23H36N5O4	1.0
trpiletrp	C28H33N5O4	0.0
trpleuval	C22H32N4O4	0.0
trplys	C17H25N4O3	1.0
trpmetarg	C22H33N7O4S	0.0
trpmetval	C21H30N4O4S	0.0
trpphe	C20H21N3O3	0.0
trpprogly	C18H22N4O4	0.0
trpproleu	C22H30N4O4	0.0
trpproval	C21H28N4O4	0.0
trpsertyr	C23H26N4O6	0.0
trpthrglu	C20H25N4O7	-1.0
trpthrile	C21H30N4O5	0.0
trpthrtyr	C24H28N4O6	0.0
trptrna	C21H22N7O4*	0.0
trptyrgln	C25H29N5O6	0.0
trptyrtyr	C29H30N4O6	0.0
trpvalasp	C20H25N4O6	-1.0
trypta	C10H13N2	1.0
ts3	C27H44O	0.0
tsacmgluc	C15H19NO9S	0.0
tsacmsul	C9H11NO6S2	0.0
tststerone	C19H28O2	0.0
tststeroneglc	C25H35O8	-1.0
tststerones	C19H28O5S	0.0
tsul	HO3S2	-1.0
ttc_ggdp	C20H33O7P2	-3.0
ttccoa	C45H78N7O17P3S	-4.0
ttdca	C14H27O2	-1.0
ttdcal	C14H28O	0.0
ttdcea	C14H25O2	-1.0
ttdcrn	C21H41NO4	0.0
ttetddcoa	C35H54N7O17P3S	-4.0
tton	O6S3	-2.0
ttrcyc	C22H24N2O8	0.0
tungs	O4W	-2.0
txa2	C20H31O5	-1.0
txb2	C20H33O6	-1.0
tym	C8H12NO	1.0
tymsf	C8H11NO4S	0.0
tyr__L	C9H11NO3	0.0
tyrala	C12H16N2O4	0.0
tyralaphe	C21H25N3O5	0.0
tyrargglu	C20H30N6O7	0.0
tyrargser	C18H29N6O6	1.0
tyrasparg	C19H28N6O7	0.0
tyrcysgly	C14H19N3O5S	0.0
tyrcysthr	C16H23N3O6S	0.0
tyrglu	C14H17N2O6	-1.0
tyrleuarg	C21H35N6O5	1.0
tyrp	C9H10NO6P	-2.0
tyrphetyr	C27H29N3O6	0.0
tyrthr	C13H18N2O5	0.0
tyrtrna	C19H21N6O5*	0.0
tyrtrpphe	C29H30N4O5	0.0
tyrtyr	C18H20N2O5	0.0
tyrvalmet	C19H29N3O5S	0.0
u23ga	C43H75N3O20P2	-2.0
u3aga	C31H51N3O19P2	-2.0
u3aga_HP	C31H51N3O19P2	-2.0
u3hga	C29H50N3O18P2	-1.0
u3hga_HP	C29H50N3O18P2	-1.0
uLa4fn	C61H99NO8P	-1.0
uLa4n	C60H100NO7P	0.0
uaAgla	C86H143N7O21P2	0.0
uaagmda	C95H152N8O28P2	-4.0
uaccg	C20H26N3O19P2	-3.0
uacgam	C17H25N3O17P2	-2.0
uacmam	C17H25N3O17P2	-2.0
uacmamu	C17H22N3O18P2	-3.0
uagmda	C87H139N7O23P2	-4.0
uama	C23H33N4O20P2	-3.0
uamag	C28H39N5O23P2	-4.0
uamr	C20H31N3O19P2	0.0
udca	C11H21O2	-1.0
udcal	C11H22O	0.0
udcpdp	C55H92O7P2	0.0
udcpp	C55H90O4P	-1.0
udp	C9H11N2O12P2	-3.0
udpLa4fn	C15H22N3O16P2	-1.0
udpLa4n	C14H22N3O15P2	-1.0
udpLa4o	C14H18N2O16P2	-2.0
udpacgal	C17H27N3O17P2	0.0
udpg	C15H22N2O17P2	-2.0
udpgal	C15H22N2O17P2	-2.0
udpgalfur	C15H22N2O17P2	-2.0
udpgalur	C15H19N2O18P2	-3.0
udpglcur	C15H19N2O18P2	-3.0
udprib	C14H22N2O17P2	0.0
udpsq	C15H21N2O19P2S	-3.0
udpxyl	C14H20N2O16P2	-2.0
ugam	C15H24N3O16P2	-1.0
ugmd	C35H51N7O26P2	-4.0
ugmda	C41H61N9O28P2	-4.0
um4p	C38H56N8O27P2	-4.0
ump	C9H11N2O9P	-2.0
unaga	C63H103NO12P2	-2.0
unagamu	C71H113N2O18P2	-3.0
unagamuf	C79H126N3O22P2	-3.0
undcoa	C32H56N7O17P3S	0.0
unk2_BS	C11H14ClNO3	0.0
uppg3	C40H36N4O16	-8.0
ura	C4H4N2O2	0.0
uracp	C4H6N2O4	0.0
urate	C5H4N4O3	0.0
urcan	C6H5N2O2	-1.0
urdglyc	C3H5N2O4	-1.0
urea	CH4N2O	0.0
uri	C9H12N2O6	0.0
urscholcoa	C45H70N7O19P3S	-4.0
utp	C9H11N2O15P3	-4.0
vacc	C18H34O2	0.0
vacccoa	C39H68N7O17P3S	0.0
vacccrn	C25H47NO4	0.0
vaccoa	C25H36N7O17P3S	-4.0
val__L	C5H11NO2	0.0
valarggly	C13H27N6O4	1.0
valhisasn	C15H24N6O5	0.0
valleuphe	C20H31N3O4	0.0
vallystyr	C20H33N4O5	1.0
valphearg	C20H33N6O4	1.0
valprotrp	C21H28N4O4	0.0
valserarg	C14H29N6O5	1.0
valtrna	C15H22N6O4*	1.0
valtrpphe	C25H30N4O4	0.0
valtrpval	C21H30N4O4	0.0
valval	C10H20N2O3	0.0
vanillac	C10H12O5	0.0
vanilpyr	C10H10O5	0.0
vanln	C8H8O3	0.0
vanlt	C8H7O4	-1.0
vitd2	C28H44O	0.0
vitd3	C27H44O	0.0
wharachd	C20H31O3	-1.0
whddca	C12H23O3	-1.0
whhdca	C16H31O3	-1.0
whtststerone	C19H28O3	0.0
whttdca	C14H27O3	-1.0
xan	C5H4N4O2	0.0
xdp	C10H11N4O12P2	-3.0
xmp	C10H11N4O9P	-2.0
xol24oh	C27H46O2	0.0
xol25oh	C27H46O2	0.0
xol27oh	C27H46O2	0.0
xol7a	C27H46O2	0.0
xol7ah	C27H46O2	0.0
xol7ah2	C27H48O2	0.0
xol7ah2al	C27H46O3	0.0
xol7ah3	C27H48O3	0.0
xol7aone	C27H44O2	0.0
xoldiolone	C27H44O3	0.0
xoldioloneh	C27H46O3	0.0
xolest181_hs	C45H78O2	0.0
xolest182_hs	C45H76O2	0.0
xolest183_hs	C45H74O2	0.0
xolest204_hs	C47H76O2	0.0
xolest205_hs	C47H74O2	0.0
xolest226_hs	C49H76O2	0.0
xolest2_hs	C28H45O2*	0.0
xolest_hs	C28H45O2*	0.0
xoltetrol	C27H48O4	0.0
xoltri24	C27H46O3	0.0
xoltri25	C27H46O3	0.0
xoltri27	C27H46O3	0.0
xoltriol	C27H48O3	0.0
xser	C9H14N2O7*	0.0
xtp	C10H11N4O15P3	-4.0
xtsn	C10H12N4O6	0.0
xu5p__D	C5H9O8P	-2.0
xu5p__L	C5H9O8P	-2.0
xyl3	C15H26O13	0.0
xyl__D	C5H10O5	0.0
xylnact__D	C5H8O5	0.0
xylnt	C5H9O6	-1.0
xylt	C5H12O5	0.0
xylu__D	C5H10O5	0.0
xylu__L	C5H10O5	0.0
zn2	Zn	2.0
zym_int2	C27H42O	0.0
zymst	C27H44O	0.0
zymstnl	C27H46O	0.0
