MG006	iYO844.BSU00280	41.4	181	95	5	4	178	3	178	2.2e-29	126.3
MG467	iCN900.CD630_19470	41.9	203	112	2	104	302	28	228	4.7e-36	149.1
MG467	iYO844.BSU30420	35.5	203	129	1	99	299	19	221	1.2e-34	144.4
MG467	iCN900.CD630_14890	38.6	215	126	4	91	302	5	216	1.8e-32	137.1
MG467	iYS854.USA300HOU_RS02325	35.7	213	133	3	99	308	15	226	1.8e-32	137.1
MG462	iYS854.USA300HOU_RS02780	41.9	484	270	4	2	477	3	483	6.9e-111	398.3
MG462	iYO844.BSU00920	42.5	487	257	4	3	475	4	481	1.3e-109	394.0
MG460	iYO844.BSU03050	39.1	307	182	3	5	308	8	312	2.7e-60	229.6
MG460	iYS854.USA300HOU_RS01245	40.4	307	177	4	2	305	5	308	2.3e-59	226.5
MG460	iYS854.USA300HOU_RS14100	41.2	311	180	3	3	311	5	314	2.6e-58	223.0
MG460	iLJ478.TM1867	40.9	308	172	4	5	307	2	304	1.7e-57	220.3
MG460	iNF517.LLMG_RS05690	38.9	303	179	4	5	304	8	307	1.1e-56	217.6
MG460	iNF517.LLMG_RS02010	35.5	310	195	3	5	311	7	314	1.3e-54	210.7
MG459	iCN900.CD630_00480	31.2	144	84	8	3	145	1	130	1.8e-05	46.6
MG458	iNF517.LLMG_RS00090	38.0	171	105	1	3	173	10	179	1.1e-31	133.7
MG458	iYO844.BSU00680	37.6	170	106	0	3	172	6	175	3.3e-31	132.1
MG458	iYS854.USA300HOU_RS02615	33.3	171	114	0	3	173	5	175	4.1e-29	125.2
MG458	iHN637.CLJU_RS20465	34.5	171	112	0	3	173	8	178	1.5e-28	123.2
MG458	iCN718.ABAYE_RS19265	34.9	166	106	1	5	168	6	171	5.9e-28	121.3
MG458	iCN900.CD630_26910	36.4	165	105	0	7	171	8	172	5.9e-28	121.3
MG457	iAT_PLT_636.4905	31.9	270	153	7	209	452	189	453	5.3e-27	120.2
MG457	iMM1415.18195	31.9	270	153	7	209	452	189	453	5.3e-27	120.2
MG453	iHN637.CLJU_RS16855	53.3	285	131	1	5	289	3	285	3.3e-76	282.3
MG453	iCN900.CD630_34880	49.7	290	143	2	1	290	1	287	6.1e-70	261.5
MG453	iYS854.USA300HOU_RS13545	51.2	289	135	3	4	292	3	285	3.9e-69	258.8
MG453	iHN637.CLJU_RS02205	50.3	288	140	2	4	291	2	286	8.8e-69	257.7
MG451	iSynCJ816.SGL_RS10925	66.4	399	129	1	1	394	1	399	1.7e-155	546.2
MG448	iCN900.CD630_21660	64.5	138	49	0	11	148	182	319	1.7e-47	186.0
MG448	iYS854.USA300HOU_RS07275	60.7	135	53	0	13	147	6	140	4.5e-45	177.9
MG448	iAF987.Gmet_0222	54.8	146	66	0	5	150	4	149	2.3e-44	175.6
MG448	iYO844.BSU21680	57.1	140	58	2	8	147	4	141	5.0e-44	174.5
MG437	iMM1415.74596	30.0	180	122	3	194	369	234	413	1.4e-13	74.7
MG437	iAT_PLT_636.1040	30.0	180	122	2	194	369	234	413	1.6e-12	71.2
MG437	iCHOv1.100761349	26.8	235	154	7	146	369	168	395	2.1e-12	70.9
MG434	iYO844.BSU16510	35.8	232	147	2	10	240	7	237	8.7e-38	154.5
MG434	iSynCJ816.SGL_RS12175	35.3	235	149	3	10	243	4	236	8.1e-36	147.9
MG434	iNF517.LLMG_RS11470	35.5	214	136	2	10	222	7	219	2.0e-34	143.3
MG434	iPC815.YPO1046	35.0	234	149	3	8	240	8	239	2.0e-34	143.3
MG434	iJN1463.PP_1593	35.4	237	142	5	10	241	13	243	5.8e-34	141.7
MG434	iYS854.USA300HOU_RS06340	34.1	223	145	2	10	231	8	229	5.8e-34	141.7
MG434	iYL1228.KPN_00184	35.7	221	139	3	8	227	8	226	1.3e-33	140.6
MG434	iML1515.b0171	35.7	221	139	3	8	227	8	226	2.2e-33	139.8
MG434	iIT341.HP0777	35.3	235	147	5	10	241	8	240	2.2e-33	139.8
MG434	iSbBS512_1146.SbBS512_E0164	35.7	221	139	3	8	227	8	226	2.2e-33	139.8
MG434	iSF_1195.SF0161	35.7	221	139	3	8	227	8	226	2.2e-33	139.8
MG434	iSSON_1240.SSON_0183	35.7	221	139	3	8	227	8	226	2.2e-33	139.8
MG431	iAF987.Gmet_1948	41.2	243	136	3	1	236	1	243	2.4e-43	172.9
MG431	iCN900.CD630_31720	38.0	245	145	3	1	239	1	244	6.9e-43	171.4
MG431	iLJ478.TM0689	39.0	249	142	5	2	242	402	648	7.6e-42	167.9
MG431	iHN637.CLJU_RS19265	39.2	245	143	2	1	239	1	245	1.0e-41	167.5
MG431	iAM_Pf480.PF3D7_1439900	39.5	248	137	5	2	241	3	245	1.7e-41	166.8
MG431	iAM_Pv461.PVX_118495	39.9	248	136	6	2	241	3	245	4.9e-41	165.2
MG431	iNF517.LLMG_RS07185	38.8	250	144	3	2	243	3	251	4.2e-40	162.2
MG431	iAM_Pc455.PCYB_127520	39.1	248	138	6	2	241	3	245	9.3e-40	161.0
MG430	iHN637.CLJU_RS19260	46.9	508	260	6	3	503	4	508	1.8e-125	446.8
MG430	iYO844.BSU33910	45.4	507	272	3	3	504	4	510	4.8e-123	438.7
MG430	iAF692.Mbar_A1223	47.3	509	258	7	3	503	9	515	6.3e-123	438.3
MG430	iYS854.USA300HOU_RS04200	44.2	507	274	4	3	505	4	505	8.5e-120	427.9
MG430	iCN900.CD630_31710	44.5	512	270	7	1	503	2	508	3.0e-117	419.5
MG430	iAF692.Mbar_A2222	45.9	519	261	7	3	503	6	522	3.0e-117	419.5
MG430	iSynCJ816.SGL_RS12450	43.6	514	267	6	5	503	9	514	1.2e-113	407.5
MG410	iYO844.BSU24960	49.3	268	132	2	61	328	4	267	1.5e-69	260.4
MG410	iCN900.CD630_32610	54.8	252	108	3	79	328	5	252	2.0e-69	260.0
MG410	iYO844.BSU24950	52.0	250	119	1	79	328	10	258	2.6e-69	259.6
MG410	iYS854.USA300HOU_RS07055	51.0	247	120	1	82	328	36	281	1.1e-67	254.2
MG410	iHN637.CLJU_RS06095	52.0	248	117	2	81	328	2	247	1.9e-67	253.4
MG410	iAF692.Mbar_A1781	54.3	245	110	2	84	328	14	256	3.2e-67	252.7
MG410	iNF517.LLMG_RS09490	49.0	251	127	1	78	328	2	251	1.5e-64	243.8
MG410	iLJ478.TM1261	49.0	247	125	1	82	328	4	249	3.3e-64	242.7
MG410	iJN1463.PP_5326	49.8	251	125	1	78	328	30	279	8.1e-63	238.0
MG410	iNF517.LLMG_RS09495	47.0	249	132	0	79	327	18	266	1.8e-62	236.9
MG410	iML1515.b3725	51.0	245	119	1	84	328	12	255	4.0e-62	235.7
MG410	iSbBS512_1146.SbBS512_E4203	51.0	245	119	1	84	328	12	255	4.0e-62	235.7
MG410	iSDY_1059.SDY_4025	51.0	245	119	1	84	328	12	255	4.0e-62	235.7
MG410	iSF_1195.SF3730	51.0	245	119	1	84	328	12	255	4.0e-62	235.7
MG410	iSSON_1240.SSON_3909	51.0	245	119	1	84	328	12	255	4.0e-62	235.7
MG410	iYL1228.KPN_04130	51.2	244	118	1	85	328	13	255	5.2e-62	235.3
MG407	iHN637.CLJU_RS19255	54.7	444	184	4	11	454	6	432	5.3e-129	458.4
MG407	iAF987.Gmet_2372	54.0	443	188	4	10	452	2	428	9.1e-129	457.6
MG407	iYO844.BSU33900	52.8	441	191	4	12	451	4	428	1.6e-125	446.8
MG407	iCN900.CD630_31700	52.6	443	195	3	10	452	2	429	6.1e-125	444.9
MG407	iLJ478.TM0877	53.6	442	188	3	11	452	2	426	1.0e-124	444.1
MG407	iYS854.USA300HOU_RS04205	52.4	445	191	5	12	451	4	432	2.3e-124	443.0
MG407	iML1515.b2779	54.2	437	184	4	10	444	2	424	4.8e-122	435.3
MG407	iSbBS512_1146.SbBS512_E3094	54.2	437	184	4	10	444	2	424	4.8e-122	435.3
MG407	iSDY_1059.SDY_2996	54.2	437	184	4	10	444	2	424	4.8e-122	435.3
MG407	iSF_1195.SF2794	54.2	437	184	4	10	444	2	424	4.8e-122	435.3
MG407	iSSON_1240.SSON_2936	54.0	437	185	4	10	444	2	424	2.4e-121	433.0
MG407	STM_v1_0.STM2952	53.3	437	188	4	10	444	2	424	6.9e-121	431.4
MG407	iJN1463.PP_1612	53.1	437	188	3	10	444	2	423	3.4e-120	429.1
MG407	iPC815.YPO3376	52.9	437	190	4	10	444	2	424	1.3e-119	427.2
MG407	iSynCJ816.SGL_RS17675	54.8	436	177	4	8	442	5	421	1.7e-119	426.8
MG407	iYL1228.KPN_03123	52.6	437	191	4	10	444	2	424	6.5e-119	424.9
MG407	iNF517.LLMG_RS03215	50.5	444	206	4	10	452	2	432	1.9e-118	423.3
MG407	iCN718.ABAYE_RS08670	52.7	425	186	4	10	433	2	412	1.0e-116	417.5
MG407	iIT341.HP0154	52.4	437	191	4	12	448	4	423	5.2e-116	415.2
MG405	iCN900.CD630_34740	36.6	175	92	5	90	260	64	223	7.0e-18	88.6
MG404	iHN637.CLJU_RS01165	47.8	67	35	0	32	98	13	79	1.4e-08	56.2
MG404	iMM904.Q0130	37.9	66	41	0	33	98	9	74	6.7e-08	53.9
MG404	iCHOv1.100754380	31.3	83	54	1	16	98	60	139	2.0e-07	52.4
MG404	iCHOv1.100752739	31.3	83	54	1	16	98	55	134	2.0e-07	52.4
MG404	iAT_PLT_636.518	31.3	83	54	1	16	98	61	140	2.0e-07	52.4
MG404	iAT_PLT_636.516	31.3	83	54	1	16	98	55	134	2.0e-07	52.4
MG404	iAT_PLT_636.517	31.3	83	54	1	16	98	76	155	2.0e-07	52.4
MG404	iCHOv1.100772366	31.3	83	54	1	16	98	175	254	2.6e-07	52.0
MG404	iMM1415.11951	31.3	83	54	1	16	98	55	134	2.6e-07	52.0
MG404	iLJ478.TM1615	42.5	73	41	1	28	99	12	84	3.3e-07	51.6
MG404	iIS312.TCDM_14522	36.4	66	42	0	33	98	43	108	4.4e-07	51.2
MG402	iHN637.CLJU_RS01175	24.0	171	121	3	7	172	9	175	3.0e-08	55.8
MG401	iHN637.CLJU_RS01180	55.3	499	222	1	4	501	4	502	8.0e-158	554.3
MG401	iAF987.Gmet_3408	52.3	501	237	2	1	499	1	501	2.3e-152	536.2
MG401	iIT341.HP1134	53.7	484	223	1	4	486	5	488	4.3e-151	531.9
MG401	iSynCJ816.SGL_RS02675	52.9	495	232	1	6	499	7	501	2.6e-148	522.7
MG401	iCN900.CD630_34700	53.5	482	223	1	4	484	4	485	4.4e-148	521.9
MG401	iYS854.USA300HOU_RS11370	55.4	460	205	0	1	460	1	460	4.4e-148	521.9
MG401	iLJ478.TM1612	52.1	489	232	2	7	493	7	495	1.3e-147	520.4
MG401	iYO844.BSU36830	55.3	468	209	0	1	468	1	468	8.3e-147	517.7
MG401	iNF517.LLMG_RS09745	52.8	489	228	1	1	489	1	486	7.3e-143	504.6
MG400	iCN900.CD630_34690	29.5	288	189	6	2	278	4	288	2.2e-32	136.7
MG396	iHN637.CLJU_RS01130	47.3	146	75	2	5	150	3	146	1.2e-29	126.7
MG394	iLJ478.TM0720	55.8	405	169	3	8	402	15	419	4.9e-126	448.4
MG394	iJN1463.PP_0322	56.9	399	167	3	9	402	19	417	4.6e-124	441.8
MG394	iSynCJ816.SGL_RS04690	55.9	401	173	1	8	404	19	419	3.0e-123	439.1
MG394	iCN718.ABAYE_RS06300	55.4	395	171	2	12	401	21	415	9.5e-122	434.1
MG394	iYS854.USA300HOU_RS11410	54.1	399	177	2	9	402	15	412	1.2e-121	433.7
MG394	iAF987.Gmet_1605	54.4	397	176	3	9	401	15	410	4.7e-121	431.8
MG394	iJN1463.PP_0671	55.3	398	172	3	9	401	19	415	4.7e-121	431.8
MG394	iAF692.Mbar_A2316	51.9	397	187	1	9	401	15	411	1.5e-119	426.8
MG394	STM_v1_0.STM2555	54.9	399	173	4	9	401	19	416	1.3e-118	423.7
MG394	iYL1228.KPN_02876	55.1	399	172	4	9	401	19	416	3.7e-118	422.2
MG394	iNF517.LLMG_RS02930	53.4	397	180	2	9	400	19	415	2.4e-117	419.5
MG394	iSSON_1240.SSON_2634	55.1	399	172	4	9	401	19	416	3.2e-117	419.1
MG394	iML1515.b2551	54.9	399	173	4	9	401	19	416	7.0e-117	417.9
MG394	iSbBS512_1146.SbBS512_E2916	54.9	399	173	4	9	401	19	416	7.0e-117	417.9
MG394	iSF_1195.SF2598	54.9	399	173	4	9	401	19	416	7.0e-117	417.9
MG394	iSDY_1059.SDY_2741	54.6	399	174	4	9	401	19	416	2.0e-116	416.4
MG394	iCN900.CD630_27260	51.3	398	185	3	9	402	16	408	1.1e-114	410.6
MG394	iHN637.CLJU_RS05640	51.5	398	186	3	8	401	16	410	1.5e-114	410.2
MG394	iPC815.YPO2907	52.9	399	181	3	9	401	19	416	2.5e-114	409.5
MG394	iYO844.BSU36900	51.0	402	192	2	9	406	15	415	6.2e-113	404.8
MG391	iAM_Pb448.PBANKA_130990	38.6	306	183	4	121	423	307	610	1.4e-44	177.9
MG391	iCN718.ABAYE_RS17615	36.5	312	192	5	138	447	170	477	1.1e-43	174.9
MG391	iCN900.CD630_13000	32.8	384	239	6	62	438	107	478	2.5e-43	173.7
MG391	iAM_Pv461.PVX_118180	36.2	323	196	5	109	423	276	596	1.3e-42	171.4
MG391	iAM_Pc455.PCYB_126890	39.6	270	153	5	162	423	321	588	6.3e-42	169.1
MG391	iJN1463.PP_0980	35.4	305	193	4	120	423	168	469	6.3e-42	169.1
MG391	iAM_Pf480.PF3D7_1446200	33.4	365	233	6	66	423	219	580	1.8e-41	167.5
MG391	iPC815.YPO3441	35.1	316	199	5	135	447	184	496	4.1e-41	166.4
MG391	iSynCJ816.SGL_RS09430	35.3	334	204	7	120	445	162	491	5.9e-40	162.5
MG391	iSDY_1059.SDY_4284	33.5	316	204	5	135	447	184	496	1.7e-39	161.0
MG391	iML1515.b4260	33.5	316	204	5	135	447	184	496	2.2e-39	160.6
MG391	iSbBS512_1146.SbBS512_E4821	33.5	316	204	5	135	447	184	496	2.2e-39	160.6
MG391	iSF_1195.SF4229	32.5	326	214	5	125	447	174	496	2.2e-39	160.6
MG391	iSSON_1240.SSON_4445	33.5	316	204	5	135	447	184	496	2.2e-39	160.6
MG080	iYS854.USA300HOU_RS04905	61.5	130	50	0	661	790	130	259	1.3e-40	165.6
MG080	iYS854.USA300HOU_RS04905	36.5	115	69	3	10	122	7	119	8.9e-13	73.2
MG080	iLJ478.TM1063	59.1	127	52	0	664	790	141	267	6.1e-38	156.8
MG080	iLJ478.TM1063	39.0	136	71	5	1	129	4	134	7.3e-15	80.1
MG080	iLJ478.TM1750	45.5	189	92	3	656	843	128	306	1.8e-37	155.2
MG080	iLJ478.TM1750	36.8	136	76	3	8	140	11	139	3.0e-16	84.7
MG080	iLJ478.TM0057	55.0	131	59	0	660	790	133	263	3.4e-36	151.0
MG080	iLJ478.TM0057	31.8	132	75	3	10	129	3	131	5.2e-13	73.9
MG080	iML1515.b3540	51.1	139	68	0	654	792	131	269	5.7e-36	150.2
MG080	iML1515.b3540	34.0	150	83	4	7	145	9	153	3.6e-14	77.8
MG080	iSDY_1059.SDY_4563	51.1	139	68	0	654	792	131	269	5.7e-36	150.2
MG080	iSDY_1059.SDY_4563	33.3	150	84	4	7	145	9	153	6.8e-13	73.6
MG080	iSF_1195.SF3575	51.1	139	68	0	654	792	131	269	5.7e-36	150.2
MG080	iSF_1195.SF3575	32.9	155	88	4	2	145	4	153	3.6e-14	77.8
MG080	iSSON_1240.SSON_3850	51.1	139	68	0	654	792	131	269	5.7e-36	150.2
MG080	iSSON_1240.SSON_3850	34.0	150	83	4	7	145	9	153	6.2e-14	77.0
MG089	iEK1008.Rv0684	57.6	688	284	4	6	685	9	696	2.2e-227	785.8
MG089	iSynCJ816.SGL_RS10930	56.7	689	296	2	1	688	1	688	3.5e-225	778.5
MG100	iYS854.USA300HOU_RS10315	36.5	469	284	6	2	461	1	464	3.8e-69	259.6
MG100	iSynCJ816.SGL_RS10865	32.9	490	300	8	3	469	9	492	6.0e-67	252.3
MG100	iLJ478.TM1273	33.1	481	307	5	2	469	1	479	6.7e-66	248.8
MG100	iNF517.LLMG_RS00940	34.4	465	295	6	2	458	1	463	2.0e-62	237.3
MG102	iLJ478.TM0869	38.2	293	180	1	16	308	18	309	1.7e-57	220.3
MG102	iYO844.BSU34790	39.1	302	181	3	12	312	3	302	3.7e-57	219.2
MG102	iYS854.USA300HOU_RS04135	38.2	296	180	3	13	307	3	296	3.2e-56	216.1
MG102	iCN900.CD630_21170	36.8	299	187	2	17	315	3	299	2.3e-54	209.9
MG102	iCN900.CD630_23560	37.7	300	178	4	15	307	4	301	5.2e-51	198.7
MG105	iAF987.Gmet_1168	37.2	137	81	3	58	190	107	242	3.3e-19	92.4
MG105	iAF987.Gmet_1888	38.5	122	73	2	57	177	109	229	4.8e-18	88.6
MG106	iNF517.LLMG_RS02790	31.1	167	97	5	25	175	37	201	1.0e-17	87.4
MG107	iYO844.BSU15680	41.3	189	110	1	1	189	1	188	1.2e-37	153.7
MG107	iAM_Pf480.PF3D7_0928900	44.6	184	99	2	9	189	8	191	2.2e-36	149.4
MG107	iLJ478.TM1689	41.8	184	105	2	4	187	2	183	3.1e-35	145.6
MG107	iYS854.USA300HOU_RS06075	40.4	188	111	1	2	189	3	189	1.2e-34	143.7
MG107	iAM_Pv461.PVX_099895	42.1	183	103	2	9	188	8	190	1.6e-34	143.3
MG107	iSynCJ816.SGL_RS02240	43.5	184	102	2	4	187	9	190	3.5e-34	142.1
MG107	iSDY_1059.SDY_4080	41.5	188	102	3	4	187	3	186	7.7e-34	141.0
MG107	iML1515.b3648	41.5	188	102	3	4	187	3	186	1.0e-33	140.6
MG107	iSbBS512_1146.SbBS512_E4099	41.5	188	102	3	4	187	3	186	1.0e-33	140.6
MG107	iSF_1195.SF3688	41.5	188	102	3	4	187	3	186	1.0e-33	140.6
MG107	iSSON_1240.SSON_3757	41.5	188	102	3	4	187	3	186	1.0e-33	140.6
MG109	iYS854.USA300HOU_RS06130	30.1	336	177	12	7	339	2	282	1.8e-29	127.5
MG112	STM_v1_0.STM3483	33.0	188	107	7	28	202	29	210	6.6e-18	88.2
MG112	iML1515.b3386	32.4	188	108	7	28	202	29	210	8.6e-18	87.8
MG112	iSbBS512_1146.SbBS512_E3763	32.4	188	108	7	28	202	29	210	8.6e-18	87.8
MG112	iSF_1195.SF3404	32.4	188	108	7	28	202	29	210	8.6e-18	87.8
MG112	iSSON_1240.SSON_3517	32.4	188	108	7	28	202	29	210	8.6e-18	87.8
MG112	iYL1228.KPN_03757	34.3	178	98	7	28	192	29	200	3.3e-17	85.9
MG112	iLB1027_lipid.PHATRDRAFT_53935	33.3	186	111	6	21	196	57	239	3.3e-17	85.9
MG112	iSDY_1059.SDY_3693	32.4	188	108	7	28	202	29	210	3.3e-17	85.9
MG112	iPC815.YPO0155	33.7	178	99	7	28	192	29	200	1.2e-16	84.0
MG112	iJN1463.PP_0415	32.6	184	111	6	28	201	29	209	6.2e-16	81.6
MG112	iYS854.USA300HOU_RS06140	32.1	187	109	7	28	202	27	207	1.8e-15	80.1
MG113	iCN900.CD630_22450	41.8	469	248	6	4	456	6	465	2.2e-103	373.2
MG113	iAF987.Gmet_2412	43.1	445	229	5	20	449	19	454	8.2e-98	354.8
MG113	iSynCJ816.SGL_RS16775	42.6	448	229	9	20	449	18	455	6.5e-95	345.1
MG113	STM_v1_0.STM1000	40.0	475	257	9	1	456	1	466	8.0e-93	338.2
MG115	iML1515.b2700	38.2	110	67	1	6	114	13	122	1.1e-14	77.0
MG119	iYL1228.KPN_02587	30.6	558	311	8	8	561	1	486	1.5e-64	244.6
MG119	iPC815.YPO1508	30.6	542	306	8	7	547	15	487	7.4e-64	242.3
MG119	iNF517.LLMG_RS04060	29.4	557	318	9	7	561	4	487	1.1e-62	238.4
MG119	iHN637.CLJU_RS00620	30.2	562	316	8	1	558	1	490	4.0e-62	236.5
MG119	iML1515.b2149	29.9	559	316	8	7	561	15	501	9.0e-62	235.3
MG119	iSF_1195.SF2234	29.9	559	316	8	7	561	15	501	9.0e-62	235.3
MG119	iSSON_1240.SSON_2205	29.9	559	316	8	7	561	15	501	9.0e-62	235.3
MG119	STM_v1_0.STM2189	30.1	555	320	8	7	561	15	501	2.6e-61	233.8
MG119	iYO844.BSU35940	29.2	542	310	8	7	546	4	473	1.3e-60	231.5
MG119	iCN900.CD630_15870	29.6	561	322	8	1	558	1	491	1.7e-60	231.1
MG119	iPC815.YPO3964	30.3	548	309	8	1	546	1	477	1.9e-59	227.6
MG119	iLJ478.TM0115	29.7	549	306	9	7	547	16	492	3.2e-59	226.9
MG119	iPC815.YPO0958	30.6	562	316	10	1	560	1	490	1.0e-57	221.9
MG126	iCN900.CD630_26100	38.6	339	190	4	3	339	5	327	1.1e-57	221.1
MG128	iYS854.USA300HOU_RS04990	28.9	204	130	6	1	190	1	203	4.0e-17	85.9
MG128	iCN900.CD630_10490	26.1	230	154	7	12	228	17	243	6.9e-17	85.1
MG128	iNF517.LLMG_RS01965	31.5	203	121	6	2	189	10	209	5.8e-16	82.0
MG132	iMM904.YDR305C	27.4	95	68	1	19	112	23	117	3.9e-06	48.5
MG136	iYS854.USA300HOU_RS02655	45.5	497	259	7	1	488	1	494	2.5e-116	416.4
MG136	iNF517.LLMG_RS01995	45.5	483	254	6	12	487	4	484	7.4e-113	404.8
MG136	iCN900.CD630_35520	42.2	493	271	6	1	487	13	497	2.0e-110	396.7
MG136	iSynCJ816.SGL_RS06545	43.9	492	260	7	12	490	17	505	1.2e-107	387.5
MG137	iHN637.CLJU_RS16525	34.1	387	246	8	5	388	4	384	7.9e-57	218.4
MG033	iNF517.LLMG_RS05570	37.1	248	140	8	13	258	8	241	3.0e-36	149.4
MG033	iHN637.CLJU_RS07630	36.7	245	130	10	14	250	10	237	5.2e-33	138.7
MG034	iYO844.BSU37060	48.6	183	89	3	11	189	6	187	2.2e-45	179.5
MG035	iNF517.LLMG_RS11125	37.2	417	248	6	4	410	3	415	1.9e-64	243.8
MG036	iCN900.CD630_27390	36.8	571	322	10	16	548	14	583	2.3e-102	370.2
MG036	iYS854.USA300HOU_RS08675	35.4	576	325	10	16	548	9	580	2.3e-94	343.6
MG036	iAF987.Gmet_1357	35.4	571	330	9	16	548	15	584	5.2e-94	342.4
MG036	iNF517.LLMG_RS11115	35.7	574	326	10	16	548	8	579	2.8e-92	336.7
MG044	iYS854.USA300HOU_RS05495	25.8	267	184	5	13	275	8	264	1.2e-19	94.4
MG044	iCN900.CD630_10260	29.8	252	153	7	21	266	1	234	4.0e-18	89.4
MG044	iLJ478.TM1378	29.5	258	162	7	16	268	13	255	5.2e-18	89.0
MG044	iHN637.CLJU_RS10670	29.9	201	135	3	74	272	65	261	2.6e-17	86.7
MG047	iYO844.BSU30550	41.8	392	193	11	13	375	8	393	2.2e-75	280.0
MG047	iCN900.CD630_01300	40.4	389	202	9	13	375	6	390	1.2e-70	264.2
MG047	iPC815.YPO0931	40.9	369	201	8	13	368	6	370	1.4e-69	260.8
MG047	iSbBS512_1146.SbBS512_E3374	41.0	368	202	7	13	368	6	370	3.0e-69	259.6
MG047	iHN637.CLJU_RS01260	40.1	387	203	10	13	376	5	385	6.7e-69	258.5
MG047	iIT341.HP0197	38.8	381	217	8	13	380	7	384	6.7e-69	258.5
MG047	iYL1228.KPN_03375	41.0	368	202	7	13	368	6	370	1.1e-68	257.7
MG047	STM_v1_0.STM3090	41.0	368	202	7	13	368	6	370	1.1e-68	257.7
MG047	iML1515.b2942	40.8	368	203	7	13	368	6	370	1.5e-68	257.3
MG047	iSDY_1059.SDY_3130	40.8	368	203	7	13	368	6	370	1.5e-68	257.3
MG047	iSF_1195.SF2933	40.8	368	203	7	13	368	6	370	1.5e-68	257.3
MG047	iSSON_1240.SSON_3096	40.8	368	203	7	13	368	6	370	1.5e-68	257.3
MG047	iSynCJ816.SGL_RS03470	40.2	403	201	12	13	376	7	408	3.7e-67	252.7
MG049	iYS854.USA300HOU_RS11545	49.1	234	117	1	2	235	5	236	8.8e-51	197.6
MG049	iML1515.b4384	44.7	235	120	2	2	232	3	231	6.5e-46	181.4
MG049	iSbBS512_1146.SbBS512_E4931	44.7	235	120	2	2	232	3	231	6.5e-46	181.4
MG049	iSSON_1240.SSON_4535	44.7	235	120	2	2	232	3	231	6.5e-46	181.4
MG049	iSDY_1059.SDY_4644	44.7	235	120	2	2	232	3	231	8.5e-46	181.0
MG049	iSF_1195.SF4416	44.7	235	120	2	2	232	3	231	8.5e-46	181.0
MG051	iYO844.BSU39400	40.5	420	246	2	1	419	1	417	1.6e-79	293.9
MG051	iYS854.USA300HOU_RS11530	39.3	420	251	2	1	419	1	417	3.5e-79	292.7
MG051	iNF517.LLMG_RS05380	39.6	419	245	2	3	420	5	416	6.0e-79	292.0
MG051	iHN637.CLJU_RS08925	40.0	432	245	4	1	421	1	429	5.1e-78	288.9
MG051	iCN900.CD630_12250	39.9	401	237	2	1	400	6	403	3.2e-72	269.6
MG053	iYO844.BSU09310	30.3	564	351	14	5	533	4	560	2.2e-60	230.7
MG058	iLJ478.TM1628	44.6	312	165	3	12	321	9	314	2.5e-72	269.6
MG058	iSynCJ816.SGL_RS15555	45.3	320	163	4	6	321	18	329	9.0e-70	261.2
MG058	iNF517.LLMG_RS08760	44.3	325	173	3	3	325	1	319	2.0e-69	260.0
MG058	iAF987.Gmet_2848	43.7	316	173	2	7	321	2	313	3.4e-69	259.2
MG058	iYO844.BSU00510	44.1	315	171	2	7	321	7	316	7.6e-69	258.1
MG058	iYS854.USA300HOU_RS02560	41.8	318	179	2	7	322	8	321	2.3e-65	246.5
MG058	iPC815.YPO2013	41.7	314	175	5	12	322	6	314	3.9e-65	245.7
MG058	iCN900.CD630_35140	44.6	312	166	3	12	321	10	316	6.7e-65	245.0
MG058	iHN637.CLJU_RS20580	43.5	313	171	2	12	322	10	318	8.7e-65	244.6
MG058	iYL1228.KPN_02238	42.0	314	174	5	12	322	3	311	8.7e-65	244.6
MG058	STM_v1_0.STM1780	41.7	314	175	5	12	322	6	314	1.5e-64	243.8
MG058	iSF_1195.SF1210	41.4	314	176	5	12	322	6	314	1.9e-64	243.4
MG195	iYS854.USA300HOU_RS05695	26.6	737	492	19	1	718	1	707	5.1e-50	196.8
MG195	iLJ478.TM0822	24.0	720	498	19	21	724	19	705	8.4e-45	179.5
MG209	iNF517.LLMG_RS07670	37.5	291	168	5	12	295	14	297	1.5e-42	170.6
MG209	iCN900.CD630_25960	33.8	293	178	6	12	295	17	302	1.7e-38	157.1
MG482	iYO844.BSU04620	39.7	63	38	0	1	63	1	63	1.7e-07	52.8
MG212	iHN637.CLJU_RS03245	34.1	205	119	5	58	257	41	234	1.2e-19	94.4
MG216	iCN900.CD630_33940	36.7	458	251	7	1	458	1	419	3.2e-74	276.6
MG216	iYO844.BSU29180	40.9	367	192	4	5	371	1	342	1.9e-71	267.3
MG216	iYS854.USA300HOU_RS09005	40.6	367	192	4	5	371	1	341	7.3e-71	265.4
MG216	iHN637.CLJU_RS01595	35.4	460	260	6	5	464	1	423	5.2e-69	259.2
MG216	STM_v1_0.STM1378	39.1	371	201	3	5	375	1	346	5.8e-68	255.8
MG216	iML1515.b1676	38.8	371	202	3	5	375	1	346	1.4e-66	251.1
MG216	iSbBS512_1146.SbBS512_E1877	38.8	371	202	3	5	375	1	346	1.4e-66	251.1
MG216	iSDY_1059.SDY_1905	38.8	371	202	3	5	375	1	346	1.4e-66	251.1
MG216	iSSON_1240.SSON_1480	38.8	371	202	3	5	375	1	346	1.4e-66	251.1
MG216	iYL1228.KPN_02133	38.3	371	204	3	5	375	1	346	4.2e-66	249.6
MG216	iSF_1195.SF1705	38.5	371	203	3	5	375	1	346	4.2e-66	249.6
MG222	iNF517.LLMG_RS08455	37.2	309	183	4	8	308	5	310	2.5e-45	179.9
MG228	iNF517.LLMG_RS06800	32.4	170	102	6	1	160	1	167	1.7e-18	89.7
MG229	iYL1228.KPN_03007	52.6	312	148	0	29	340	9	320	1.3e-95	347.1
MG229	iSbBS512_1146.SbBS512_E3203	51.3	314	153	0	27	340	6	319	1.7e-95	346.7
MG229	iML1515.b2676	51.3	314	153	0	27	340	6	319	2.8e-95	345.9
MG229	iSSON_1240.SSON_2821	51.3	314	153	0	27	340	6	319	2.8e-95	345.9
MG229	iSF_1195.SF2704	51.0	314	154	0	27	340	6	319	8.3e-95	344.4
MG229	iEK1008.Rv3048c	51.3	312	152	0	29	340	13	324	2.4e-94	342.8
MG229	iPC815.YPO2648	51.0	314	154	0	27	340	10	323	2.4e-94	342.8
MG229	STM_v1_0.STM2808	50.0	314	157	0	27	340	6	319	5.0e-92	335.1
MG229	iSDY_1059.SDY_2869	50.2	311	155	0	27	337	6	316	2.1e-90	329.7
MG229	iEK1008.Rv1981c	48.7	314	161	0	27	340	9	322	2.6e-88	322.8
MG231	iPC815.YPO2649	57.2	701	287	6	22	721	5	693	6.6e-235	810.8
MG231	iEK1008.Rv3051c	57.8	701	283	6	22	721	5	693	4.8e-233	804.7
MG231	iSF_1195.SF2703	53.7	709	312	6	19	721	3	701	1.4e-216	750.0
MG231	iSbBS512_1146.SbBS512_E3204	53.2	714	318	6	14	721	11	714	2.4e-216	749.2
MG231	iSSON_1240.SSON_2820	53.2	714	318	6	14	721	11	714	2.4e-216	749.2
MG231	STM_v1_0.STM2807	53.4	714	317	6	14	721	11	714	3.1e-216	748.8
MG231	iML1515.b2675	53.1	714	319	6	14	721	11	714	4.0e-216	748.4
MG231	iYL1228.KPN_03006	53.5	691	310	5	32	721	13	693	2.5e-213	739.2
MG245	iYS854.USA300HOU_RS08275	28.0	175	107	4	4	162	3	174	6.8e-10	61.2
MG245	iCN900.CD630_34560	27.0	137	80	2	46	162	43	179	2.2e-08	56.2
MG245	iAF987.Gmet_1179	30.3	178	102	5	4	162	3	177	2.9e-08	55.8
MG247	iYS854.USA300HOU_RS06885	34.1	229	119	7	9	235	1	199	7.3e-21	98.2
MG254	iYS854.USA300HOU_RS10340	40.4	515	299	4	2	512	3	513	4.1e-106	382.9
MG259	iSynCJ816.SGL_RS09640	29.2	137	87	2	66	192	76	212	2.1e-08	57.8
MG342	iJN1463.PP_4138	30.7	127	79	4	1	123	1	122	1.4e-07	53.5
MG351	iSynCJ816.SGL_RS11485	46.2	156	84	0	5	160	14	169	6.4e-33	137.9
MG357	iYO844.BSU29470	42.2	393	217	6	5	388	3	394	2.7e-81	299.7
MG357	iLJ478.TM0274	42.8	402	213	9	5	391	2	401	3.7e-78	289.3
MG357	iHN637.CLJU_RS06265	41.1	397	222	8	5	390	2	397	1.8e-77	287.0
MG357	STM_v1_0.STM2057	39.7	395	226	7	3	388	2	393	3.4e-76	282.7
MG357	iYL1228.KPN_03222	39.2	395	228	7	3	388	2	393	1.2e-73	274.2
MG357	iNF517.LLMG_RS11485	40.7	391	216	9	5	383	3	389	1.2e-73	274.2
MG357	iAF987.Gmet_1034	38.8	397	227	9	6	387	3	398	3.5e-73	272.7
MG368	iYS854.USA300HOU_RS06175	35.6	329	205	3	4	328	3	328	1.7e-49	193.7
MG145	iYO844.BSU16670	28.8	292	172	6	6	263	24	313	2.5e-25	113.2
MG145	iYS854.USA300HOU_RS06410	30.7	287	167	6	3	257	21	307	4.6e-24	109.0
MG171	iLJ478.TM1479	35.2	213	127	3	9	213	6	215	3.3e-33	139.0
MG171	iHN637.CLJU_RS20110	32.0	219	131	3	7	214	2	213	2.9e-29	125.9
MG172	iSynCJ816.SGL_RS14930	30.1	249	171	3	2	248	29	276	1.7e-28	123.6
MG172	iSynCJ816.SGL_RS16015	32.1	190	127	2	59	247	84	272	7.0e-27	118.2
MG179	iYS854.USA300HOU_RS12035	43.2	266	148	2	5	267	4	269	1.9e-57	219.9
MG180	iCN900.CD630_01010	39.8	254	147	4	17	267	3	253	5.6e-50	195.3
MG180	iYS854.USA300HOU_RS12030	39.0	251	151	2	21	270	7	256	1.2e-47	187.6
MG181	iYS854.USA300HOU_RS12025	34.6	182	111	1	218	391	86	267	1.8e-22	104.4
MG181	iCN900.CD630_01020	38.1	160	99	0	226	385	101	260	4.9e-20	96.3
MG182	iCN900.CD630_01030	34.5	238	151	4	8	242	8	243	1.0e-30	131.0
MG299	iYO844.BSU37660	42.2	334	161	7	5	319	3	323	2.8e-60	229.6
MG299	iNF517.LLMG_RS03945	41.5	330	176	7	4	320	1	326	5.8e-58	221.9
MG299	iYS854.USA300HOU_RS03075	40.9	330	178	8	3	320	4	328	5.1e-54	208.8
MG301	iYS854.USA300HOU_RS04185	51.1	333	159	3	8	337	3	334	8.2e-87	317.8
MG301	iCN900.CD630_31740	49.8	333	163	3	8	337	2	333	1.1e-86	317.4
MG301	iNF517.LLMG_RS12755	48.6	333	167	3	8	337	3	334	2.1e-82	303.1
MG301	iNF517.LLMG_RS02785	48.2	334	168	4	8	337	3	335	4.0e-81	298.9
MG301	iLJ478.TM0688	52.8	335	148	4	9	337	3	333	1.2e-77	287.3
MG304	iYS854.USA300HOU_RS12035	35.0	257	159	2	5	257	11	263	4.6e-40	162.2
MG305	iML1515.b0650	34.3	572	327	17	7	566	6	540	5.9e-72	269.2
MG305	iSSON_1240.SSON_0604	34.3	572	327	17	7	566	6	540	7.7e-72	268.9
MG305	iSbBS512_1146.SbBS512_E0599	34.1	572	328	17	7	566	6	540	1.7e-71	267.7
MG305	STM_v1_0.STM0659	34.7	570	327	17	7	566	6	540	6.6e-71	265.8
MG263	iML1515.b3697	26.2	302	172	11	5	290	3	269	1.1e-10	64.7
MG263	iML1515.b0844	22.8	290	190	8	5	289	3	263	1.6e-09	60.8
MG264	iLJ478.TM1387	30.5	128	83	2	1	128	1	122	3.2e-06	49.3
MG265	iML1515.b3697	22.5	284	196	8	1	276	1	268	2.1e-11	67.0
MG270	iYS854.USA300HOU_RS05100	34.5	328	207	6	4	329	3	324	6.6e-52	201.8
MG271	iYS854.USA300HOU_RS05470	37.4	462	271	7	1	452	8	461	8.6e-79	291.6
MG271	iNF517.LLMG_RS00390	37.8	465	266	10	2	451	9	465	2.6e-75	280.0
MG271	iCN900.CD630_00390	35.7	448	276	7	2	446	123	561	7.8e-72	268.5
MG271	iYO844.BSU14610	35.1	465	279	9	1	452	8	462	1.0e-71	268.1
MG272	iYO844.BSU14600	29.8	420	236	6	1	362	1	419	5.4e-42	169.1
MG272	iYS854.USA300HOU_RS05465	28.2	429	251	6	1	380	1	421	7.8e-41	165.2
MG272	iYO844.BSU24030	31.6	411	238	7	10	380	11	418	3.9e-40	162.9
MG272	iAF987.Gmet_2511	28.9	384	260	4	1	377	1	378	1.9e-39	160.6
MG272	iAM_Pf480.PF3D7_1320800	30.6	382	236	7	6	376	49	412	1.4e-37	154.5
MG273	iJN1463.PP_4402	43.9	344	169	4	1	326	1	338	2.4e-75	279.6
MG273	iYO844.BSU14590	40.1	324	190	2	5	326	3	324	3.2e-72	269.2
MG273	iAF987.Gmet_2510	43.2	322	178	1	5	326	3	319	4.2e-72	268.9
MG273	iYS854.USA300HOU_RS05460	39.4	322	195	0	5	326	3	324	2.8e-71	266.2
MG273	iYO844.BSU24040	41.5	313	182	1	9	320	7	319	5.2e-70	261.9
MG273	iIS312.TCDM_03721	39.4	322	191	3	4	324	47	365	8.3e-68	254.6
MG274	iYS854.USA300HOU_RS05455	35.3	343	221	1	13	354	24	366	1.6e-59	227.3
MG274	iAF987.Gmet_2509	36.7	319	202	0	32	350	31	349	3.8e-58	222.6
MG274	iEK1008.Rv2497c	36.6	320	201	2	32	350	39	357	4.2e-57	219.2
MG274	iYO844.BSU14580	35.2	321	207	1	32	351	44	364	7.5e-54	208.4
MG275	iNF517.LLMG_RS02085	34.0	467	284	8	3	468	2	445	5.6e-73	272.3
MG276	iNF517.LLMG_RS03160	38.2	173	102	3	20	192	3	170	2.7e-26	115.9
MG276	iAT_PLT_636.353	40.1	172	96	3	14	182	3	170	1.0e-25	114.0
MG276	iMM1415.11821	40.1	172	96	3	14	182	3	170	6.7e-25	111.3
MG276	iHN637.CLJU_RS16620	38.3	162	96	2	20	181	3	160	1.9e-24	109.8
MG276	iCHOv1.100765665	40.0	170	95	3	14	180	3	168	1.9e-24	109.8
MG276	iIT341.HP0572	39.6	169	100	1	22	190	11	177	3.3e-24	109.0
MG276	iAF987.Gmet_1422	37.6	170	102	2	20	189	4	169	2.8e-23	105.9
MG276	iLJ478.TM1384	36.4	176	107	3	17	191	2	173	3.7e-23	105.5
MG276	iPC815.YPO3123	36.1	166	102	2	15	180	10	171	3.7e-23	105.5
MG278	iYO844.BSU27600	27.7	750	470	20	1	708	1	720	2.4e-67	254.2
MG278	iCN900.CD630_27440	27.9	739	468	22	10	708	8	721	1.6e-63	241.5
MG278	iYS854.USA300HOU_RS08695	26.7	731	478	17	10	708	11	715	3.3e-61	233.8
MG030	iLJ478.TM0721	52.7	203	95	1	5	206	7	209	1.6e-53	206.5
MG030	iCN900.CD630_34790	46.6	206	109	1	2	206	4	209	2.9e-50	195.7
MG030	iYS854.USA300HOU_RS11405	46.3	201	107	1	7	206	9	209	6.4e-50	194.5
MG030	iYO844.BSU36890	44.8	201	110	1	7	206	9	209	4.6e-48	188.3
MG030	iHN637.CLJU_RS01135	43.2	206	116	1	2	206	4	209	1.0e-47	187.2
MG030	iNF517.LLMG_RS10940	44.4	205	111	2	5	206	7	211	1.0e-47	187.2
MG024	iSynCJ816.SGL_RS05125	31.5	108	53	4	7	111	24	113	3.0e-05	47.0
MG024	iAF987.Gmet_2444	41.3	46	27	0	6	51	26	71	1.1e-04	45.1
MG024	iAF692.Mbar_A0589	36.0	50	32	0	2	51	1	50	5.6e-04	42.7
MG023	iNF517.LLMG_RS10835	47.0	296	148	2	2	288	3	298	2.5e-76	282.7
MG021	iYO844.BSU00380	36.6	528	303	9	5	512	9	524	1.5e-92	337.4
MG021	iNF517.LLMG_RS08860	37.8	490	276	7	2	474	5	482	5.8e-92	335.5
MG021	iSynCJ816.SGL_RS14365	35.4	492	288	8	6	482	11	487	1.5e-87	320.9
MG021	iHN637.CLJU_RS00840	35.0	514	322	6	2	512	4	508	1.9e-87	320.5
MG021	iYS854.USA300HOU_RS02505	35.6	525	313	8	5	512	7	523	4.3e-87	319.3
MG021	iCN900.CD630_35400	34.6	518	317	8	5	512	7	512	2.4e-85	313.5
MG021	iLJ478.TM1085	34.1	513	324	5	5	512	4	507	2.0e-84	310.5
MG021	iAF987.Gmet_2321	34.8	514	315	8	5	512	6	505	2.6e-84	310.1
MG069	iYO844.BSU13890	31.5	885	380	20	26	892	11	687	7.1e-93	339.3
MG069	iYS854.USA300HOU_RS01000	30.6	888	384	21	26	900	11	679	7.1e-93	339.3
MG069	iYS854.USA300HOU_RS13765	31.2	871	377	21	26	884	11	671	1.9e-85	314.7
MG071	iCN900.CD630_25030	35.5	755	414	13	2	717	16	736	4.0e-117	419.9
MG071	iYO844.BSU15650	33.3	922	498	22	6	870	22	883	3.4e-108	390.2
MG071	iSynCJ816.SGL_RS16270	33.7	898	492	22	6	834	44	907	4.9e-107	386.3
MG071	iCN900.CD630_18240	32.7	888	485	18	2	836	23	850	6.4e-107	386.0
MG071	iAF692.Mbar_A0500	34.8	781	405	18	3	717	17	759	6.0e-105	379.4
MG077	iYS854.USA300HOU_RS04930	26.4	276	193	4	26	295	47	318	1.0e-19	95.1
MG077	iYS854.USA300HOU_RS01055	30.3	277	172	6	26	295	223	485	2.2e-19	94.0
MG077	iYO844.BSU12930	25.6	273	189	5	26	296	44	304	1.4e-18	91.3
MG077	iEK1008.Rv1283c	25.9	286	192	4	25	297	47	325	5.5e-18	89.4
MG077	iAF692.Mbar_A0469	26.2	263	182	5	33	295	57	307	1.2e-17	88.2
MG077	iYS854.USA300HOU_RS04890	24.5	298	209	5	1	296	20	303	4.6e-17	86.3
MG078	iYS854.USA300HOU_RS04895	28.0	175	101	5	212	375	196	356	1.7e-08	57.8
MG078	iLJ478.TM0059	33.1	163	99	7	216	371	200	359	1.5e-07	54.7
MG372	iCN900.CD630_07540	32.0	387	240	9	7	377	4	383	8.3e-43	171.8
MG378	iYS854.USA300HOU_RS03230	30.5	532	348	11	20	537	30	553	8.6e-62	235.3
MG382	iNF517.LLMG_RS03940	38.5	205	124	2	3	206	2	205	3.1e-39	159.1
MG382	iYO844.BSU27330	39.9	208	123	2	1	207	1	207	5.3e-39	158.3
MG382	iYS854.USA300HOU_RS08580	39.1	202	121	2	7	207	6	206	8.4e-37	151.0
MG383	iCN900.CD630_07940	37.8	246	143	3	1	237	1	245	1.4e-38	157.1
MG383	iAF692.Mbar_A2320	34.8	250	141	4	8	237	13	260	2.9e-36	149.4
MG384	iML1515.b4173	28.1	135	78	4	162	288	200	323	1.6e-05	48.1
MG384	iIT341.HP0687	25.7	175	112	4	162	330	6	168	2.3e-04	44.3
MG385	iLJ478.TM1621	26.5	215	127	8	6	212	3	194	1.3e-09	60.8
MG385	iNF517.LLMG_RS00415	24.6	228	162	5	3	223	36	260	4.8e-09	58.9
MG322	iYO844.BSU13500	27.7	541	283	14	26	565	16	449	2.6e-37	154.1
MG324	iYS854.USA300HOU_RS08170	33.5	334	217	4	8	338	3	334	6.1e-48	188.7
MG326	iYS854.USA300HOU_RS07285	26.6	293	197	6	1	291	1	277	2.8e-22	103.2
MG013	iYO844.BSU24310	34.3	239	150	1	26	257	35	273	4.0e-39	159.1
MG013	iIT341.HP0577	30.8	250	166	1	25	267	40	289	1.8e-36	150.2
MG329	iIT341.HP0687	26.4	182	121	5	176	355	1	171	6.8e-04	42.7
	iNF517.LLMG_RS02035	28.2	213	125	9	1	197	1	201	9.0e-09	57.8
MG283	iCN900.CD630_00500	32.3	496	297	9	1	483	12	481	4.4e-65	246.1
MG287	iCN900.CD630_10620	43.8	64	35	1	9	71	4	67	2.6e-05	45.1
MG287	iNF517.LLMG_RS08960	36.8	68	35	2	10	77	12	71	2.8e-04	41.6
MG188	iCN900.CD630_34160	29.7	229	148	5	26	249	5	225	9.7e-24	108.2
MG189	iYO844.BSU28730	24.3	284	195	6	28	309	9	274	1.5e-18	90.9
MG189	iCN900.CD630_34150	25.0	268	188	4	41	308	25	279	3.8e-17	86.3
MG190	iHN637.CLJU_RS06465	25.4	327	214	9	6	316	3	315	1.9e-16	84.0
MG005	iAF987.Gmet_3528	43.3	416	230	3	1	411	1	415	2.3e-91	333.2
MG005	iNF517.LLMG_RS03735	41.2	417	238	4	1	411	1	416	3.9e-86	315.8
MG005	iAF692.Mbar_A0541	42.5	416	229	6	1	411	28	438	9.5e-85	311.2
MG005	iYS854.USA300HOU_RS00045	40.8	417	241	2	1	411	1	417	2.1e-84	310.1
MG005	iHN637.CLJU_RS00085	46.5	318	168	1	96	411	102	419	2.0e-82	303.5
MG005	iCN718.ABAYE_RS04335	43.0	419	228	6	1	411	1	416	5.8e-82	302.0
MG005	iCN900.CD630_00140	40.2	423	247	2	1	417	1	423	9.9e-82	301.2
MG008	iIT341.HP0687	30.4	115	79	1	220	334	6	119	2.1e-05	47.8
MG008	iAF987.Gmet_2444	29.9	97	67	1	219	315	23	118	2.7e-05	47.4
MG014	STM_v1_0.STM0984	26.7	539	373	6	76	612	61	579	1.5e-41	168.3
MG014	iPC815.YPO1395	26.7	531	362	8	89	612	69	579	1.9e-41	167.9
MG014	iML1515.b0914	26.2	539	376	6	76	612	61	579	1.8e-39	161.4
MG014	iSbBS512_1146.SbBS512_E2410	26.2	539	376	6	76	612	61	579	1.8e-39	161.4
MG014	iSDY_1059.SDY_2344	26.2	539	376	6	76	612	61	579	1.8e-39	161.4
MG014	iSF_1195.SF0910	26.2	539	376	6	76	612	61	579	4.1e-39	160.2
MG014	iSSON_1240.SSON_0916	26.2	539	376	6	76	612	61	579	4.1e-39	160.2
MG014	iYL1228.KPN_00941	26.0	516	360	6	99	612	84	579	1.0e-37	155.6
MG015	iPC815.YPO1395	33.3	487	313	6	102	585	100	577	2.0e-64	244.2
MG015	iAF987.Gmet_2349	30.5	531	347	5	59	583	51	565	4.2e-62	236.5
MG015	STM_v1_0.STM0984	32.4	488	314	7	101	583	99	575	5.5e-62	236.1
MG015	iYL1228.KPN_00941	30.9	485	325	4	101	583	99	575	1.3e-58	224.9
MG015	iML1515.b0914	31.3	486	322	6	101	583	99	575	6.3e-58	222.6
MG015	iSbBS512_1146.SbBS512_E2410	31.3	486	322	6	101	583	99	575	6.3e-58	222.6
MG015	iSDY_1059.SDY_2344	31.3	486	322	6	101	583	99	575	6.3e-58	222.6
MG015	iSF_1195.SF0910	31.3	486	322	6	101	583	99	575	8.2e-58	222.2
MG015	iSSON_1240.SSON_0916	31.3	486	322	6	101	583	99	575	1.1e-57	221.9
MG018	iAM_Pc455.PCYB_113330	31.7	202	124	6	570	763	335	530	1.7e-21	102.4
MG018	iAM_Pc455.PCYB_113330	36.9	176	104	3	861	1029	1196	1371	1.1e-17	89.7
MG038	iCN718.ABAYE_RS04620	49.8	502	246	4	5	506	6	501	4.8e-147	518.5
MG038	iYL1228.KPN_04011	47.2	504	260	5	5	508	4	501	6.9e-146	514.6
MG038	iCN900.CD630_13820	49.2	506	251	5	3	508	1	500	1.3e-144	510.4
MG038	iML1515.b3926	46.7	505	263	5	4	508	3	501	3.2e-143	505.8
MG038	iSSON_1240.SSON_4095	46.7	505	263	5	4	508	10	508	3.2e-143	505.8
MG038	STM_v1_0.STM4086	45.9	505	267	5	4	508	3	501	5.5e-143	505.0
MG038	iSDY_1059.SDY_3818	46.5	505	264	5	4	508	3	501	1.2e-142	503.8
MG038	iSbBS512_1146.SbBS512_E4408	46.5	505	264	5	4	508	3	501	2.7e-142	502.7
MG038	iJN1463.PP_1075	47.2	502	253	4	5	506	7	496	8.8e-141	497.7
MG038	iYO844.BSU09290	47.6	500	254	5	7	505	4	496	7.4e-140	494.6
MG038	iLJ478.TM1430	49.4	484	236	5	6	488	2	477	1.3e-139	493.8
MG038	iAF987.Gmet_1676	49.6	498	244	4	7	504	3	493	6.9e-138	488.0
MG038	iNF517.LLMG_RS05580	48.3	499	252	4	1	499	7	499	1.5e-137	486.9
MG038	iYS854.USA300HOU_RS06545	46.9	501	260	4	5	505	2	496	1.3e-136	483.8
MG039	iLJ478.TM1432	31.0	377	247	6	7	377	4	373	1.2e-46	184.5
MG041	iYS854.USA300HOU_RS05395	47.6	84	43	1	1	84	1	83	6.0e-13	70.5
MG041	iNF517.LLMG_RS00670	44.6	83	43	2	2	84	4	83	4.3e-11	64.3
MG042	iHN637.CLJU_RS10680	28.1	527	164	4	5	527	8	323	3.8e-52	203.4
MG042	iYS854.USA300HOU_RS05485	26.7	554	189	4	6	557	4	342	1.1e-51	201.8
MG042	iCN900.CD630_10240	27.3	554	187	7	5	557	4	342	2.4e-51	200.7
MG043	iYS854.USA300HOU_RS05490	27.0	263	174	6	8	263	7	258	9.9e-17	84.7
MG050	iHN637.CLJU_RS08910	46.2	210	111	2	7	214	5	214	1.3e-43	173.7
MG050	iYS854.USA300HOU_RS00730	44.2	215	119	1	3	216	1	215	1.1e-42	170.6
MG050	iNF517.LLMG_RS05390	43.9	214	119	1	3	215	1	214	1.4e-42	170.2
MG050	iYS854.USA300HOU_RS11540	45.0	211	115	1	7	216	5	215	3.1e-42	169.1
MG050	iYO844.BSU39420	46.2	208	110	2	8	213	6	213	4.5e-41	165.2
MG052	iHN637.CLJU_RS08905	37.7	114	69	2	17	129	15	127	7.7e-17	84.0
MG052	iNF517.LLMG_RS05395	39.6	111	65	2	19	128	18	127	8.5e-16	80.5
MG052	iLJ478.TM0846	34.6	127	80	3	3	128	2	126	8.5e-16	80.5
MG052	iYS854.USA300HOU_RS08365	31.7	120	80	2	10	127	9	128	2.5e-15	79.0
MG060	iYS854.USA300HOU_RS01340	27.5	233	154	5	1	227	2	225	2.8e-14	76.6
MG062	iNF517.LLMG_RS07900	36.2	633	373	13	3	630	4	610	1.9e-90	330.9
MG062	iCN900.CD630_22690	34.7	649	372	13	20	652	19	631	1.4e-88	324.7
MG062	iYO844.BSU14400	33.2	612	370	10	20	622	19	600	3.2e-82	303.5
MG063	iCN900.CD630_22700	27.9	297	196	8	13	293	2	296	1.6e-17	87.4
MG063	iHN637.CLJU_RS10115	29.1	258	167	8	13	258	2	255	8.1e-17	85.1
MG065	iCN900.CD630_19470	41.2	221	122	2	233	448	10	227	4.0e-39	159.8
MG065	iYO844.BSU30420	40.3	201	118	2	251	449	24	224	2.4e-36	150.6
MG065	iNF517.LLMG_RS09915	38.9	226	123	7	229	448	2	218	1.7e-34	144.4
MG066	iYS854.USA300HOU_RS06830	38.2	651	384	11	10	646	16	662	9.2e-119	424.9
MG066	iYO844.BSU17890	38.2	657	383	13	10	648	15	666	5.2e-114	409.1
MG079	iYS854.USA300HOU_RS04900	45.8	369	159	4	21	386	5	335	2.8e-81	299.7
MG085	iYS854.USA300HOU_RS04115	30.4	283	193	3	17	297	13	293	4.4e-34	142.5
MG099	iCN718.ABAYE_RS04050	32.8	424	274	6	53	473	64	479	1.1e-57	221.5
MG099	iSynCJ816.SGL_RS07160	32.5	415	267	6	59	470	66	470	1.3e-56	218.0
MG099	iAF692.Mbar_A0883	33.3	429	271	7	48	473	49	465	2.6e-54	210.3
MG099	iYS854.USA300HOU_RS10320	32.2	481	309	11	4	477	10	480	5.8e-54	209.1
MG099	iAF987.Gmet_0075	33.2	416	262	7	60	470	70	474	2.5e-52	203.8
MG108	iYS854.USA300HOU_RS06125	25.0	252	171	6	8	255	6	243	8.5e-15	78.2
MG110	iYS854.USA300HOU_RS06135	29.9	284	182	8	7	278	4	282	1.6e-24	110.5
MG111	iYS854.USA300HOU_RS04775	34.4	427	272	6	6	427	4	427	1.7e-65	247.3
MG111	iNF517.LLMG_RS12290	35.0	432	268	6	6	427	4	432	3.9e-65	246.1
MG111	iYO844.BSU31350	36.1	396	240	6	42	427	40	432	1.3e-63	241.1
MG111	iCN900.CD630_32850	36.1	413	249	8	26	427	24	432	8.1e-63	238.4
MG111	iHN637.CLJU_RS18285	33.1	432	276	6	6	427	6	434	2.1e-58	223.8
MG118	iHN637.CLJU_RS10655	38.1	331	189	9	8	334	3	321	6.4e-47	185.3
MG124	iMM904.YGR209C	39.8	93	55	1	1	92	1	93	2.5e-18	88.6
MG124	iMM904.YLR043C	34.8	92	60	0	1	92	1	92	2.7e-17	85.1
MG124	iAM_Pb448.PBANKA_132090	39.3	89	54	0	1	89	1	89	5.1e-16	80.9
MG124	iYS854.USA300HOU_RS05725	39.5	81	48	1	22	101	21	101	6.7e-16	80.5
MG125	iSbBS512_1146.SbBS512_E2526	22.8	281	198	8	2	281	3	265	3.9e-05	46.2
MG125	iSSON_1240.SSON_0804	22.8	281	198	8	2	281	3	265	6.7e-05	45.4
MG125	iML1515.b0822	22.8	281	198	8	2	281	3	265	1.5e-04	44.3
MG125	iSF_1195.SF0772	22.8	281	198	8	2	281	3	265	1.5e-04	44.3
MG138	iEK1008.Rv0684	22.6	491	243	12	6	374	13	488	2.8e-21	100.9
MG142	iCN900.CD630_24930	27.0	233	154	7	124	345	5	232	2.5e-12	71.2
MG187	iLJ478.TM0421	24.7	586	202	6	7	583	3	358	1.7e-42	171.4
MG187	iPC815.YPO3793	37.5	253	145	2	341	584	108	356	2.9e-39	160.6
MG187	iPC815.YPO3793	39.0	100	61	0	18	117	15	114	7.0e-17	86.3
MG187	iJN1463.PP_1018	36.3	259	145	3	344	585	112	367	1.2e-37	155.2
MG187	iJN1463.PP_1018	41.6	101	57	1	6	104	2	102	3.5e-16	84.0
MG194	iHN637.CLJU_RS16970	38.4	318	187	6	25	339	26	337	4.9e-55	212.2
MG194	iAF987.Gmet_1415	43.0	256	139	5	85	339	89	338	3.5e-53	206.1
MG194	iYS854.USA300HOU_RS05690	37.5	307	186	6	34	339	42	343	3.5e-53	206.1
MG194	iNF517.LLMG_RS11030	37.8	325	188	7	23	339	26	344	5.1e-52	202.2
MG194	iCN900.CD630_06990	36.8	345	202	8	4	339	2	339	1.3e-50	197.6
MG194	iJN1463.PP_2469	36.4	346	204	10	1	339	1	337	3.1e-49	193.0
MG215	STM_v1_0.STM4062	39.4	302	169	4	3	299	4	296	3.2e-56	216.1
MG215	iML1515.b3916	38.0	300	176	3	3	299	4	296	7.2e-56	214.9
MG215	iSbBS512_1146.SbBS512_E4395	38.0	300	176	3	3	299	4	296	7.2e-56	214.9
MG215	iSDY_1059.SDY_3831	38.0	300	176	3	3	299	4	296	7.2e-56	214.9
MG215	iSSON_1240.SSON_4085	38.0	300	176	3	3	299	4	296	7.2e-56	214.9
MG215	iYL1228.KPN_04223	36.6	298	183	2	3	299	4	296	1.4e-54	210.7
MG215	iSF_1195.SF3994	37.7	297	175	3	6	299	1	290	1.4e-54	210.7
MG215	iYS854.USA300HOU_RS09010	37.7	308	184	3	1	305	1	303	7.0e-51	198.4
MG215	iPC815.YPO0078	36.1	302	180	5	3	297	4	299	9.1e-51	198.0
MG215	iHN637.CLJU_RS01590	35.8	316	195	3	1	314	1	310	1.6e-50	197.2
MG227	iYS854.USA300HOU_RS07295	52.9	310	120	2	4	287	9	318	1.2e-91	333.6
MG227	iYO844.BSU21820	53.2	293	102	3	1	287	1	264	5.4e-87	318.2
MG227	iCN718.ABAYE_RS16485	52.7	300	109	3	1	287	1	280	1.4e-82	303.5
MG230	iNF517.LLMG_RS07755	30.8	133	87	3	22	152	3	132	4.7e-13	71.6
MG230	iYS854.USA300HOU_RS03945	36.5	137	64	5	22	151	3	123	1.4e-12	70.1
MG230	iYO844.BSU17370	36.8	117	63	4	23	139	4	109	2.6e-11	65.9
MG240	iYS854.USA300HOU_RS08495	29.3	191	122	4	3	185	2	187	1.4e-20	97.8
MG240	iHN637.CLJU_RS03645	29.3	205	117	6	4	185	3	202	3.4e-19	93.2
MG240	iCN900.CD630_25240	31.3	198	122	5	2	185	27	224	2.9e-18	90.1
MG240	iIT341.HP1337	32.8	134	89	1	3	135	11	144	6.5e-18	89.0
MG251	iYS854.USA300HOU_RS08350	42.0	457	241	5	1	437	1	453	2.2e-103	373.2
MG266	iYS854.USA300HOU_RS09335	44.2	824	404	14	2	791	3	804	2.8e-194	676.0
MG266	iNF517.LLMG_RS08750	42.2	843	418	13	2	791	3	829	1.1e-187	654.1
MG290	iYS854.USA300HOU_RS08305	30.9	223	141	5	5	223	9	222	2.7e-23	106.3
MG290	iNF517.LLMG_RS01625	29.1	244	165	4	6	243	1	242	1.0e-22	104.4
MG290	iLJ478.TM0191	29.8	242	152	5	6	243	1	228	3.0e-22	102.8
MG290	iSynCJ816.SGL_RS01940	29.0	238	159	2	7	241	10	240	9.7e-21	97.8
MG292	iNF517.LLMG_RS09540	37.8	761	437	12	4	751	5	742	5.0e-139	492.7
MG292	iYS854.USA300HOU_RS08615	36.4	807	470	16	7	792	8	792	1.3e-134	478.0
MG293	iNF517.LLMG_RS00415	36.3	234	137	5	1	228	33	260	9.1e-27	117.9
MG300	iYS854.USA300HOU_RS04190	46.2	403	204	6	5	407	4	393	1.8e-91	333.6
MG300	iLJ478.TM0689	48.2	409	186	10	6	407	5	394	2.2e-89	326.6
MG300	iNF517.LLMG_RS01325	44.2	414	192	7	6	405	5	393	5.0e-86	315.5
MG302	iYS854.USA300HOU_RS12025	22.6	270	184	5	5	271	15	262	7.9e-07	52.0
MG303	iYS854.USA300HOU_RS12030	28.4	257	179	3	74	326	5	260	3.7e-29	126.3
MG323	iYO844.BSU14510	26.6	214	154	3	3	215	2	213	7.6e-20	94.7
MG323	iYS854.USA300HOU_RS05420	25.5	212	155	3	5	215	4	213	3.8e-19	92.4
MG323	iSynCJ816.SGL_RS16795	28.0	218	148	5	2	214	13	226	2.7e-17	86.3
MG327	iCHOv1.100767455	21.1	251	176	8	16	251	45	288	1.1e-04	44.7
MG327	iMM1415.23945	21.1	251	176	8	16	251	51	294	4.1e-04	42.7
MG330	iHN637.CLJU_RS10470	37.0	219	128	3	1	213	1	215	2.6e-33	139.4
MG330	iYS854.USA300HOU_RS07570	38.4	216	124	5	5	214	6	218	4.9e-32	135.2
MG330	iYO844.BSU22890	37.0	216	128	2	5	213	7	221	6.4e-32	134.8
MG330	iLJ478.TM1443	38.4	216	122	3	1	209	1	212	3.2e-31	132.5
MG330	iNF517.LLMG_RS03780	40.7	216	122	3	4	214	5	219	2.7e-30	129.4
MG334	iYS854.USA300HOU_RS08810	41.7	703	389	9	11	693	7	708	4.0e-167	585.9
MG334	iHN637.CLJU_RS17105	38.7	771	444	12	1	743	1	770	7.1e-164	575.1
MG334	iNF517.LLMG_RS12325	39.5	704	397	10	16	693	14	714	1.3e-157	554.3
MG334	iLJ478.TM1817	36.5	850	500	14	21	833	18	864	5.5e-156	548.9
MG334	iCN900.CD630_32560	37.0	776	451	14	6	745	5	778	2.1e-152	537.0
MG517	iYS854.USA300HOU_RS01340	26.7	120	81	4	6	122	5	120	5.0e-07	52.8
MG517	iSbBS512_1146.SbBS512_E4050	28.4	102	70	1	4	105	7	105	1.1e-06	51.6
MG336	iLB1027_lipid.PHATRDRAFT_19482	30.1	389	260	8	19	398	88	473	1.0e-43	174.9
MG336	iAM_Pb448.PBANKA_061430	29.6	463	255	13	10	402	61	522	8.3e-41	165.2
MG336	iSDY_1059.SDY_3028	29.4	391	259	10	6	388	4	385	3.5e-39	159.8
MG336	iYS854.USA300HOU_RS04525	30.2	387	260	7	20	399	26	409	3.5e-39	159.8
MG345	iYS854.USA300HOU_RS05995	37.9	921	536	19	1	894	1	912	4.8e-174	609.0
MG345	iNF517.LLMG_RS10255	36.0	920	554	15	1	891	1	914	3.3e-167	586.3
MG345	iLJ478.TM1361	34.9	922	563	15	1	894	1	913	5.8e-164	575.5
MG355	iCN900.CD630_20200	49.6	702	340	5	15	708	166	861	2.1e-188	656.4
MG365	iYS854.USA300HOU_RS06110	31.7	312	205	5	1	308	1	308	2.8e-41	166.4
MG365	iYO844.BSU15730	30.4	306	206	5	1	302	1	303	3.8e-38	156.0
MG369	iYS854.USA300HOU_RS06160	28.5	578	361	12	1	557	2	548	1.1e-59	228.4
MG375	iYS854.USA300HOU_RS08915	43.0	528	294	3	12	534	85	610	6.3e-124	441.8
MG379	iSynCJ816.SGL_RS13580	29.2	113	77	2	286	396	270	381	1.7e-05	48.5
MG390	iAF692.Mbar_A0465	25.1	207	138	5	463	653	2	207	3.9e-08	57.4
MG390	iYO844.BSU23960	24.0	217	124	4	464	651	2	206	1.5e-07	55.5
MG390	iPC815.YPO2612	25.7	210	129	5	464	651	3	207	2.5e-07	54.7
MG390	iNF517.LLMG_RS09720	24.3	210	142	4	463	655	6	215	9.7e-07	52.8
MG399	iCN900.CD630_34680	70.7	458	132	2	10	466	5	461	1.7e-186	649.4
MG399	iHN637.CLJU_RS01190	66.6	461	152	2	10	470	5	463	9.3e-177	617.1
MG399	iPC815.YPO4121	67.1	459	149	2	10	468	4	460	9.3e-177	617.1
MG399	iSDY_1059.SDY_4016	67.1	459	149	2	10	468	4	460	8.7e-175	610.5
MG399	iML1515.b3732	67.1	459	149	2	10	468	4	460	1.1e-174	610.1
MG399	iSbBS512_1146.SbBS512_E4189	67.1	459	149	2	10	468	4	460	1.1e-174	610.1
MG399	iSF_1195.SF3812	67.1	459	149	2	10	468	4	460	1.1e-174	610.1
MG399	iSSON_1240.SSON_3887	67.1	459	149	2	10	468	4	460	1.1e-174	610.1
MG399	STM_v1_0.STM3865	67.1	459	149	2	10	468	4	460	1.5e-174	609.8
MG399	iYL1228.KPN_04137	66.2	459	153	2	10	468	4	460	1.8e-172	602.8
MG399	iAF987.Gmet_3406	64.5	465	159	2	9	468	5	468	4.0e-172	601.7
MG399	iYO844.BSU36810	64.9	470	156	3	10	471	4	472	2.2e-170	595.9
MG399	iMM904.YJR121W	64.9	467	158	2	10	471	44	509	8.4e-170	594.0
MG399	iIT341.HP1132	63.3	463	164	2	10	468	6	466	1.4e-169	593.2
MG399	iAT_PLT_636.506	63.7	474	164	2	4	471	55	526	2.7e-168	589.0
MG399	iMM1415.11947	63.9	474	163	2	4	471	55	526	2.7e-168	589.0
MG399	iSynCJ816.SGL_RS09705	63.3	479	163	3	4	470	5	482	2.7e-168	589.0
MG399	iYS854.USA300HOU_RS11360	64.0	467	162	3	10	471	4	469	7.9e-168	587.4
MG399	iCHOv1.100763024	63.7	474	164	2	4	471	60	531	1.0e-167	587.0
MG408	iJN1463.PP_0336	45.1	153	80	2	6	154	56	208	2.4e-28	122.5
MG408	STM_v1_0.STM4408	40.3	159	90	1	1	154	43	201	6.9e-28	120.9
MG408	iYL1228.KPN_04615	39.6	159	91	1	1	154	63	221	2.0e-27	119.4
MG408	iAF987.Gmet_0268	39.2	158	88	2	1	153	7	161	5.8e-27	117.9
MG408	iYS854.USA300HOU_RS06930	38.9	149	89	1	5	151	7	155	1.7e-26	116.3
MG408	iML1515.b4219	39.0	159	92	1	1	154	43	201	4.9e-26	114.8
MG408	iSF_1195.SF4268	39.0	159	92	1	1	154	43	201	4.9e-26	114.8
MG408	iSSON_1240.SSON_4404	39.0	159	92	1	1	154	43	201	4.9e-26	114.8
MG408	iSbBS512_1146.SbBS512_E4863	39.0	159	92	1	1	154	43	201	8.4e-26	114.0
MG408	iSDY_1059.SDY_4456	38.4	159	93	1	1	154	43	201	3.2e-25	112.1
MG408	iAF987.Gmet_0222	38.9	149	84	3	8	153	163	307	5.5e-25	111.3
MG411	iCN900.CD630_32620	30.2	275	176	4	364	630	3	269	1.7e-19	95.1
MG411	iLJ478.TM1262	33.0	194	120	4	436	627	82	267	2.4e-18	91.3
MG411	iAF692.Mbar_A1780	34.4	195	119	2	377	568	47	235	1.2e-17	89.0
MG412	iCN900.CD630_32680	24.4	287	138	11	30	307	39	255	8.8e-05	45.4
MG429	iYO844.BSU13910	45.5	572	304	4	1	566	1	570	3.0e-137	486.1
MG429	iYS854.USA300HOU_RS05400	46.2	572	299	5	2	566	3	572	7.3e-136	481.5
MG429	iCN900.CD630_27550	43.6	566	311	3	6	565	5	568	2.1e-130	463.4
MG442	iIT341.HP0687	43.5	62	31	2	114	172	1	61	3.4e-06	49.7
MG455	iNF517.LLMG_RS02055	35.7	412	235	6	4	386	2	412	8.8e-64	241.5
MG455	iYS854.USA300HOU_RS09175	34.0	418	248	7	1	391	1	417	1.3e-62	237.7
MG455	STM_v1_0.STM1449	34.0	418	247	5	3	391	4	421	1.2e-60	231.1
MG455	iSDY_1059.SDY_1860	33.3	418	250	5	3	391	4	421	3.5e-60	229.6
MG455	iYL1228.KPN_01975	33.5	418	249	6	3	391	8	425	5.9e-60	228.8
MG455	iSbBS512_1146.SbBS512_E1829	33.3	418	250	5	3	391	4	421	5.9e-60	228.8
MG455	iSSON_1240.SSON_1519	33.3	418	250	5	3	391	4	421	5.9e-60	228.8
MG455	iPC815.YPO2369	32.5	418	253	5	3	391	4	421	1.2e-57	221.1
MG461	iAM_Pb448.PBANKA_145350	28.8	267	152	9	16	252	329	587	7.1e-19	92.4
MG461	iAM_Pf480.PF3D7_1239000	27.5	338	182	15	16	312	368	683	3.0e-17	87.0
MG461	iAM_Pc455.PCYB_146470	30.6	222	118	8	16	203	338	557	3.9e-17	86.7
MG461	iAM_Pv461.PVX_100900	28.1	281	136	11	16	252	343	601	5.1e-17	86.3
MG463	iAM_Pv461.PVX_085660	27.5	269	166	7	8	253	82	344	8.7e-20	94.7
MG463	iAM_Pc455.PCYB_134090	27.1	266	137	6	8	253	60	288	2.1e-18	90.1
MG526	iCN900.CD630_19470	40.3	216	125	1	56	267	13	228	3.4e-41	166.0
MG253	iCN900.CD630_00520	34.0	432	263	10	21	431	17	447	5.9e-61	232.3
MG253	iYS854.USA300HOU_RS02790	33.8	426	260	8	26	430	23	447	3.8e-60	229.6
MG253	iNF517.LLMG_RS10195	31.4	420	261	9	26	430	22	429	1.0e-57	221.5
MG253	iCN718.ABAYE_RS12525	30.8	455	284	7	8	433	4	456	1.4e-57	221.1
MG253	iLJ478.TM0719	33.0	427	257	7	26	430	22	441	2.8e-55	213.4
MG421	iCN900.CD630_31950	33.3	958	459	15	11	943	4	806	1.6e-135	481.1
MG370	iCN900.CD630_25960	26.6	319	209	7	13	330	6	300	2.1e-18	90.5
MG370	iNF517.LLMG_RS07670	29.0	307	185	10	16	318	6	283	6.7e-17	85.5
MG037	iCHOv1.100767492	29.5	457	277	12	6	444	5	434	6.7e-44	175.6
MG037	iSynCJ816.SGL_RS16035	31.2	439	252	15	15	439	6	408	2.0e-43	174.1
	iYS854.USA300HOU_RS06465	37.2	196	102	6	15	206	3	181	2.3e-21	99.8
MG025	iYO844.BSU35680	38.5	104	61	2	1	103	14	115	2.8e-11	66.6
